movieId,timestamp
1,1139045764
1,1137206825
1,1525286013
2,1528843929
2,1528843932
2,1528843907
2,1137375552
3,1143424860
3,1143424860
5,1137373903
5,1137373903
7,1137375642
11,1137374904
11,1137374904
14,1137375623
14,1137375623
16,1137181640
17,1137181153
21,1137206178
22,1137375496
25,1138137555
26,1138137603
28,1137201942
28,1137180037
29,1138137473
31,1137375502
31,1137375502
32,1457901872
32,1137206826
32,1242494310
32,1242494306
32,1242494321
32,1242494300
32,1242494300
32,1242494315
32,1242494304
32,1242494302
34,1137180956
34,1137205237
34,1244787845
36,1137202363
36,1137191227
38,1137373760
39,1348627867
39,1348627869
39,1348627871
39,1348627873
39,1348627878
39,1138137492
39,1138137492
40,1137202107
40,1137202107
41,1138137646
43,1138137640
45,1137206826
46,1137375539
47,1457842470
47,1457842458
47,1137206452
50,1457842328
50,1457842315
50,1457842332
50,1457842340
50,1457842306
50,1137206826
52,1137206315
52,1137206371
58,1138137613
62,1137374957
92,1138137574
96,1138137537
101,1138137460
101,1525287216
101,1525287214
104,1154718872
104,1137374014
104,1244787691
107,1137375573
110,1528152541
110,1528152532
110,1528152523
110,1528152527
110,1528152528
110,1528152521
110,1528152539
110,1528152531
110,1528152535
110,1137180974
111,1137206513
116,1138040398
122,1137373679
140,1137375031
147,1457901627
147,1457901631
147,1457901625
147,1457901624
150,1137205234
150,1137180977
150,1137205233
153,1139045840
153,1137375453
160,1137373726
161,1138137497
162,1137202038
175,1457901665
175,1457901671
175,1457901668
185,1137375604
199,1137203124
215,1138040410
216,1137373675
216,1244787718
216,1244787726
222,1137181644
223,1457844066
223,1457844086
223,1457844084
223,1457844073
223,1457844080
223,1138137480
224,1138137516
224,1138137516
230,1138137506
232,1137201027
235,1137181651
237,1138137528
237,1138137528
237,1138137528
246,1137784780
247,1137181666
248,1186589145
248,1186589145
249,1137181672
252,1137374021
257,1137375555
260,1443199698
260,1443199710
260,1439165594
260,1439165588
260,1431954312
260,1431954337
260,1442535682
260,1442535673
260,1442535666
260,1435942530
260,1435942520
260,1435856940
260,1435856955
260,1435856950
260,1519899101
260,1519899078
260,1519899108
260,1439750956
260,1439750961
260,1457900772
260,1457900766
260,1457900770
260,1457900775
260,1137206494
260,1137206496
260,1137206504
261,1137181688
262,1137206203
262,1137206203
262,1137206203
272,1138137566
272,1138137566
273,1237739064
277,1137374027
279,1137202159
280,1137375585
282,1137375594
282,1137375594
288,1457846184
288,1457846195
288,1457846180
288,1457846191
288,1457846198
288,1457846189
290,1137201907
293,1188774484
293,1188774487
293,1138137619
293,1498456142
293,1498456106
293,1498456192
293,1498456184
293,1498456167
293,1498456155
293,1498456141
293,1498456144
293,1498456149
293,1498456150
293,1498456139
293,1498456130
293,1498456128
293,1498456179
293,1498456165
293,1498456113
293,1498456177
293,1498456175
293,1498456121
293,1498456188
293,1498456186
293,1498456132
293,1498456137
293,1498456126
293,1498456152
293,1498456181
293,1498456159
293,1498456135
293,1498456182
293,1498456190
293,1498456147
293,1498456157
296,1431954555
296,1431954555
296,1431954555
296,1457844546
296,1457844550
296,1457844541
296,1457844557
296,1137205001
296,1498456537
296,1498456475
296,1498456356
296,1498456535
296,1498456533
296,1498456678
296,1498456473
296,1498456531
296,1498456382
296,1498456376
296,1498456559
296,1498456471
296,1498456469
296,1498456676
296,1498456675
296,1498456529
296,1498456673
296,1498456671
296,1498456350
296,1498456481
296,1498456670
296,1498456448
296,1498456467
296,1498456431
296,1498456352
296,1498456543
296,1498456669
296,1498456527
296,1498456466
296,1498456360
296,1498456667
296,1498456666
296,1498456378
296,1498456524
296,1498456405
296,1498456664
296,1498456353
296,1498456663
296,1498456391
296,1498456522
296,1498456345
296,1498456661
296,1498456464
296,1498456404
296,1498456339
296,1498456385
296,1498456395
296,1498456660
296,1498456658
296,1498456444
296,1498456521
296,1498456561
296,1498456656
296,1498456348
296,1498456655
296,1498456419
296,1498456519
296,1498456429
296,1498456517
296,1498456427
296,1498456436
296,1498456515
296,1498456653
296,1498456622
296,1498456686
296,1498456421
296,1498456383
296,1498456389
296,1498456406
296,1498456589
296,1498456513
296,1498456372
296,1498456396
296,1498456511
296,1498456509
296,1498456402
296,1498456380
296,1498456426
296,1498456450
296,1498456684
296,1498456483
296,1498456400
296,1498456412
296,1498456505
296,1498456562
296,1498456564
296,1498456488
296,1498456388
296,1498456490
296,1498456565
296,1498456462
296,1498456411
296,1498456541
296,1498456460
296,1498456567
296,1498456491
296,1498456458
296,1498456374
296,1498456494
296,1498456569
296,1498456414
296,1498456371
296,1498456571
296,1498456572
296,1498456574
296,1498456575
296,1498456577
296,1498456497
296,1498456498
296,1498456343
296,1498456486
296,1498456408
296,1498456367
296,1498456578
296,1498456341
296,1498456457
296,1498456580
296,1498456581
296,1498456393
296,1498456583
296,1498456585
296,1498456363
296,1498456479
296,1498456455
296,1498456586
296,1498456690
296,1498456591
296,1498456500
296,1498456478
296,1498456593
296,1498456484
296,1498456338
296,1498456364
296,1498456446
296,1498456502
296,1498456595
296,1498456597
296,1498456599
296,1498456601
296,1498456452
296,1498456603
296,1498456424
296,1498456503
296,1498456417
296,1498456442
296,1498456682
296,1498456610
296,1498456342
296,1498456612
296,1498456614
296,1498456615
296,1498456617
296,1498456618
296,1498456439
296,1498456620
296,1498456694
296,1498456375
296,1498456398
296,1498456354
296,1498456680
296,1498456358
296,1498456638
296,1498456415
296,1498456539
296,1498456639
296,1498456370
296,1498456641
296,1498456476
296,1498456642
296,1498456434
296,1498456347
296,1498456366
296,1498456437
300,1137206376
307,1137203087
308,1137206827
308,1525287798
316,1138137673
317,1137374047
318,1137205060
318,1137181171
318,1137205064
318,1244566076
326,1137201797
329,1137206491
337,1137206828
338,1137375662
339,1138137781
342,1138137593
342,1138137593
345,1138040381
345,1138040381
345,1138040381
349,1137180961
350,1137375482
351,1137374008
356,1137375519
356,1137375519
356,1424753866
356,1424753866
356,1424753866
356,1525287545
356,1525287537
356,1525287541
356,1525287539
357,1137375527
361,1138137551
363,1137202123
363,1137202123
364,1461351898
364,1461351908
364,1461351919
364,1457845497
364,1137180959
371,1137375629
377,1137206476
380,1137206826
381,1137375043
410,1525636607
410,1525636685
410,1525636622
410,1525636610
410,1525636708
410,1525636609
412,1137181633
413,1186588856
421,1138040415
425,1138040434
425,1138040434
431,1462138765
431,1462138749
431,1462138755
440,1137191329
454,1137181658
457,1137784717
471,1137375547
474,1138137543
475,1137181677
477,1138137776
480,1137202921
488,1137375570
488,1137375570
497,1137181143
500,1137374959
500,1137374961
500,1137374967
508,1137375634
513,1138137637
513,1138137637
515,1137202599
515,1137202599
516,1137374250
522,1138137660
522,1138137660
522,1138137660
524,1137375002
527,1143424895
527,1457901041
527,1137180970
527,1424142072
527,1424142112
527,1424142113
527,1424142110
529,1137181705
531,1137201896
534,1137181163
535,1137206471
538,1138137665
539,1137203041
540,1186588897
541,1457900918
541,1137375464
541,1262795764
541,1262795769
541,1262795768
541,1262795770
541,1262795772
541,1262795778
541,1262795776
541,1525286590
541,1525286588
541,1525286583
541,1525286586
543,1137203057
551,1137375615
551,1137375615
552,1139045825
556,1137375666
562,1137206827
586,1137374182
587,1137180951
588,1137180971
589,1457844854
589,1457844841
589,1457844861
589,1457844847
589,1457844864
589,1457844843
589,1137206517
589,1201166474
590,1137180976
590,1137180976
592,1137206164
593,1137180982
593,1241396359
593,1241396391
593,1241396378
593,1241396367
593,1241396389
594,1137375648
595,1137180963
596,1137374224
597,1137206324
608,1457900882
608,1457900870
608,1457900877
608,1457900865
608,1137180968
616,1138040401
628,1457843774
628,1457843776
628,1457843782
628,1457843780
628,1457843771
628,1137375884
638,1137375798
647,1137375718
648,1138137584
668,1138137607
670,1137181320
671,1138137597
673,1137373978
707,1186588902
708,1137203107
720,1137206828
728,1137202096
733,1137206418
733,1241938858
733,1241938853
736,1137180960
745,1137206827
748,1138137820
750,1366676044
750,1137202888
750,1242494959
750,1242494953
750,1242494951
750,1159980456
750,1159980456
750,1525287727
750,1525287724
750,1525287729
778,1266408710
778,1266408707
778,1266408703
778,1137191490
780,1137206181
800,1137201974
805,1137375969
818,1137375996
830,1137374123
832,1137374242
832,1269832636
832,1269832633
832,1269832629
836,1186588944
838,1137375748
852,1137374262
858,1137180955
892,1137375988
898,1137206322
899,1137181713
900,1138137809
902,1138137849
903,1137205255
903,1242577125
903,1242577135
903,1242577117
903,1242577112
904,1137206380
904,1242577077
904,1242577056
904,1242577064
904,1242577068
904,1242577070
905,1137202499
906,1137191231
907,1137375780
908,1138137968
908,1242577097
908,1242577100
909,1137206162
910,1137191481
911,1138306780
912,1137202319
913,1137206229
914,1137202973
915,1137206449
916,1137206429
916,1137206429
918,1138137949
919,1137205270
919,1137205270
920,1137374145
921,1137375857
922,1137207406
922,1245030098
922,1245030089
923,1137202868
924,1137368035
924,1137368035
924,1498456783
924,1498456822
924,1498456786
924,1498456752
924,1498456757
924,1498456766
924,1498456774
924,1498456793
924,1498456779
924,1498456771
924,1498456811
924,1498456770
924,1498456776
924,1498456804
924,1498456762
924,1498456768
924,1498456773
924,1498456802
924,1498456791
924,1498456813
924,1498456759
924,1498456798
924,1498456794
924,1498456781
924,1498456751
924,1498456796
924,1498456765
924,1498456806
924,1498456785
924,1498456756
924,1498456790
924,1498456788
924,1498456754
924,1498456825
924,1498456763
924,1498456827
924,1498456814
924,1498456799
924,1498456760
926,1137202821
927,1137368140
928,1137202590
929,1140441887
929,1140441887
929,1140441887
930,1137207035
931,1138137999
934,1137375767
936,1137521228
936,1137521228
938,1137374937
940,1138137798
941,1138137943
943,1138306878
944,1137207008
945,1137181301
947,1137521096
947,1137521096
947,1137521103
948,1137206938
950,1137200994
951,1137202906
952,1137375685
953,1138137927
954,1137202956
955,1137368052
955,1137368052
956,1137207058
965,1137206861
968,1137181787
969,1137202249
970,1138306770
971,1138137870
973,1138306956
976,1137375762
986,1137181755
991,1137375821
994,1138137832
1006,1138137880
1006,1138137880
1010,1137375809
1010,1137375809
1013,1137375864
1022,1137181749
1025,1137375959
1025,1137375959
1028,1137375815
1028,1137375815
1029,1137375741
1030,1137374219
1032,1137374073
1033,1137202900
1035,1137181179
1041,1137201463
1042,1137203070
1059,1348627235
1059,1348627233
1059,1348627264
1059,1348627243
1059,1137181313
1066,1137181830
1068,1138306851
1076,1137521394
1079,1137202895
1080,1137375841
1080,1137375841
1080,1137375841
1081,1138138013
1082,1138137861
1084,1138137844
1084,1138137844
1088,1138306856
1088,1138306856
1089,1457844739
1089,1457844742
1089,1457844729
1089,1457844737
1089,1137207100
1089,1137207100
1089,1242494883
1089,1242494879
1089,1242494874
1089,1242494896
1089,1242494887
1090,1138137990
1093,1137375736
1093,1137375736
1093,1137375736
1096,1137375015
1097,1137521204
1101,1143424846
1101,1138138004
1103,1137207088
1103,1137207088
1104,1137207146
1120,1457845558
1124,1137207041
1125,1137375898
1135,1137374233
1136,1457901498
1136,1457901496
1136,1137202949
1136,1137202949
1147,1137201093
1147,1137201093
1148,1137368133
1171,1137181738
1177,1137191228
1178,1137521169
1178,1137521169
1179,1138306883
1183,1137374103
1185,1137201055
1187,1137207053
1188,1137202649
1188,1137202649
1189,1137201133
1189,1137201133
1193,1457843688
1193,1457843684
1193,1138137985
1196,1137202639
1196,1137205077
1196,1137205075
1196,1262795806
1196,1262795793
1196,1262795792
1196,1262795815
1196,1262795808
1196,1262795797
1196,1262795800
1197,1137202999
1197,1137202999
1198,1457901129
1198,1457901464
1198,1457901132
1198,1457901466
1198,1457901471
1198,1137784496
1198,1137207066
1198,1137207064
1200,1457901258
1200,1457901252
1200,1457901265
1200,1457901245
1200,1457901261
1200,1457901274
1200,1457901269
1200,1457901256
1200,1138137801
1201,1138137912
1203,1137206845
1203,1525283652
1203,1525283610
1203,1525283658
1203,1525283605
1203,1525283612
1203,1525283636
1203,1525283631
1203,1525283607
1204,1137206997
1206,1138137889
1207,1137191542
1207,1137191542
1208,1138137816
1209,1138137976
1210,1137207127
1210,1137207127
1210,1137207127
1212,1137201067
1212,1143683500
1212,1143683500
1213,1138137920
1214,1137766234
1217,1137207077
1219,1457902455
1219,1457902459
1219,1457902452
1219,1457902461
1219,1137203028
1219,1242577153
1219,1242577173
1219,1242577161
1219,1242577165
1220,1137375705
1221,1461699306
1221,1461699303
1221,1137181066
1222,1137181761
1222,1242494925
1223,1137205261
1224,1137181778
1225,1137181247
1225,1137181247
1228,1137375891
1230,1137206872
1231,1137181802
1231,1137207104
1233,1138137835
1234,1137520998
1235,1137206961
1237,1137375008
1237,1137375008
1237,1525286526
1237,1525286536
1237,1525286523
1237,1525286544
1237,1525286538
1240,1457901308
1240,1457901313
1240,1457901305
1240,1457901302
1240,1457901322
1240,1457901319
1240,1457901300
1240,1137368088
1242,1137181272
1243,1137181815
1244,1138306904
1245,1137375832
1246,1139046768
1246,1137191334
1247,1137181084
1249,1138137899
1250,1137206891
1252,1137521080
1253,1137206910
1254,1137203094
1257,1137375698
1258,1457843344
1258,1457843347
1258,1457843352
1258,1457843340
1258,1457843354
1258,1457843342
1258,1457843338
1258,1457843361
1258,1137181824
1259,1137181838
1260,1137207017
1260,1525285649
1260,1525285661
1260,1525285667
1260,1525285665
1260,1525285654
1260,1525285670
1262,1137206951
1263,1137375724
1266,1138031666
1267,1137207027
1267,1137207027
1269,1138137828
1270,1137202832
1272,1137181795
1274,1244787931
1274,1244787929
1274,1244787944
1276,1137520930
1277,1137201859
1278,1138031675
1280,1137201087
1281,1137206944
1282,1137375752
1283,1138306895
1284,1138306774
1285,1137368062
1288,1234790068
1288,1137368105
1288,1137368105
1288,1137368105
1291,1137206982
1291,1137206982
1292,1137206878
1293,1137191587
1296,1137191679
1299,1138137933
1299,1138137933
1301,1138306870
1301,1138306870
1302,1138137903
1303,1138031736
1304,1138137854
1307,1137202686
1333,1137202841
1343,1457846257
1343,1457846244
1343,1457846252
1343,1457846254
1343,1137181261
1344,1137202856
1345,1137784649
1345,1137784649
1345,1137784649
1348,1137374972
1350,1137368289
1353,1137202938
1354,1137202850
1356,1137202633
1357,1176765393
1358,1137203050
1361,1137201059
1363,1137374986
1366,1137191572
1367,1137374063
1367,1137374063
1372,1137203064
1374,1138031870
1376,1137368320
1377,1137374089
1380,1137368225
1381,1137374154
1387,1137202913
1389,1137373926
1393,1137205489
1394,1137181415
1396,1138031853
1398,1137374949
1407,1138031814
1407,1138031814
1408,1137368264
1408,1137368264
1411,1137191597
1413,1137205643
1416,1137374117
1423,1137202085
1423,1137202085
1441,1137375694
1441,1186588856
1446,1137201854
1449,1137368329
1466,1137191577
1474,1137374191
1485,1137375802
1496,1137191560
1500,1137368241
1500,1137368241
1513,1137375929
1537,1137368308
1542,1137202048
1544,1137373781
1545,1138031807
1569,1419805413
1569,1419805419
1569,1138031775
1573,1137205452
1580,1137205519
1586,1137374138
1608,1137375681
1610,1137191607
1617,1137191242
1625,1457845252
1625,1457845249
1625,1457845255
1625,1457845247
1625,1457845258
1625,1457845244
1625,1138031717
1625,1424141701
1635,1137191612
1643,1137375849
1643,1137375849
1645,1137374095
1650,1138031883
1653,1137205460
1653,1525287116
1653,1525287118
1663,1137375949
1672,1137202154
1674,1137521041
1680,1138031846
1682,1137205617
1683,1137181445
1704,1457844971
1704,1525287326
1704,1525287323
1711,1137374207
1717,1138031833
1717,1138031824
1717,1138031824
1719,1139838573
1719,1139838573
1721,1138031879
1721,1424141922
1726,1474483317
1726,1474483320
1732,1138306661
1732,1498456261
1732,1498456271
1732,1498456304
1732,1498456256
1732,1498456268
1732,1498456292
1732,1498456280
1732,1498456260
1732,1498456258
1732,1498456303
1732,1498456286
1732,1498456291
1732,1498456264
1732,1498456283
1732,1498456296
1732,1498456301
1732,1498456269
1732,1498456278
1732,1498456294
1732,1498456299
1732,1498456281
1732,1498456288
1732,1498456273
1732,1498456275
1732,1498456263
1732,1498456308
1732,1498456306
1732,1498456285
1732,1498456266
1732,1498456276
1732,1498456297
1735,1137374163
1748,1138031699
1777,1137205630
1779,1186588894
1797,1137201971
1801,1186588917
1810,1137374994
1834,1138031861
1836,1137179444
1893,1137201105
1900,1137201889
1902,1138031706
1909,1137205667
1912,1138031795
1913,1137191654
1916,1525282933
1916,1525282961
1916,1525282935
1916,1525282930
1916,1525282972
1917,1137373862
1921,1457902516
1921,1457902477
1921,1457902518
1921,1457902521
1921,1138031797
1921,1525287302
1921,1525287273
1921,1525287286
1921,1525287289
1921,1525287275
1921,1525287271
1921,1525287293
1921,1525287295
1921,1525287277
1921,1525287281
1921,1525287285
1921,1525287283
1923,1234789755
1923,1457846503
1923,1457846506
1923,1457846511
1931,1138031771
1938,1137766211
1940,1137368219
1940,1137368219
1942,1137201047
1942,1137201047
1942,1137201047
1945,1137191644
1945,1137191644
1947,1137202674
1948,1177512649
1950,1137520942
1951,1137191634
1952,1138031755
1953,1137368199
1953,1137368199
1954,1137191671
1954,1137191671
1955,1137181397
1957,1137181069
1957,1137181069
1959,1138031923
1959,1138031923
1960,1137368246
1961,1137191663
1962,1137368186
1975,1137374129
1976,1137373611
1977,1137373908
1978,1137373605
1979,1137373625
1983,1137374175
1984,1137374180
1994,1138031804
1995,1137374228
1996,1137373825
1997,1137368191
2006,1138031745
2006,1138031745
2011,1137374084
2019,1137368312
2020,1137368176
2022,1137202075
2022,1143683469
2023,1525636728
2023,1525636768
2023,1525636752
2023,1525636752
2023,1525636733
2028,1137180952
2054,1138032013
2058,1138032116
2059,1137374214
2064,1138032156
2064,1138032156
2065,1137202057
2066,1138032133
2070,1137191821
2071,1137200442
2071,1137200442
2076,1137418851
2076,1137418851
2078,1138032023
2080,1138032086
2085,1137191781
2097,1138559451
2097,1138559451
2100,1137191808
2108,1138032081
2114,1137191789
2115,1137784519
2116,1137374427
2116,1186588944
2118,1137191728
2121,1137374355
2122,1137373696
2124,1525636847
2124,1525636867
2124,1525636859
2124,1525636855
2124,1525636849
2124,1525636846
2138,1525283760
2138,1525283752
2139,1137521184
2145,1138032148
2145,1138032148
2146,1229142995
2160,1457843300
2160,1457843317
2160,1457843298
2160,1457843295
2160,1457843308
2160,1138032159
2167,1137374320
2171,1137202573
2171,1137202573
2171,1137202573
2186,1137205604
2187,1140467428
2194,1138032218
2194,1138032218
2202,1137205513
2203,1138032173
2206,1137205610
2208,1137271242
2243,1137205380
2247,1137374432
2248,1137202613
2248,1137202613
2249,1137374445
2268,1137191761
2268,1137191761
2291,1137205437
2295,1137202461
2296,1457846704
2300,1137205562
2302,1137374439
2310,1138032095
2312,1137374919
2313,1137205442
2324,1137181119
2324,1525285789
2324,1525285791
2324,1525285795
2324,1525285800
2324,1525285793
2324,1525285797
2324,1525285787
2329,1457843729
2329,1138031951
2329,1424141449
2329,1424141459
2329,1424141461
2334,1138032178
2335,1137374560
2336,1137191737
2351,1137202131
2355,1137191711
2357,1137205389
2360,1137201464
2387,1474382225
2387,1474382223
2390,1137202019
2391,1138032185
2393,1242278473
2393,1242278463
2393,1242278464
2394,1137191285
2394,1137202582
2396,1137191800
2410,1137374485
2411,1137373840
2412,1137373964
2420,1138032051
2421,1137374406
2422,1137374411
2423,1137373883
2424,1137202717
2424,1137202717
2431,1137373812
2431,1186588902
2442,1137201903
2463,1137374497
2467,1140703344
2470,1137374348
2471,1137373731
2491,1137374514
2494,1137179426
2494,1137179426
2502,1138032123
2502,1138032129
2505,1457902180
2506,1137374460
2517,1137373705
2529,1138032140
2550,1138032008
2553,1138038893
2554,1138038892
2565,1137191238
2571,1457842912
2571,1457842899
2571,1137204991
2571,1424141098
2571,1424141101
2572,1137374893
2579,1537094307
2579,1537094326
2579,1537094323
2579,1537094375
2579,1537094318
2579,1537094309
2579,1138032056
2581,1138032122
2583,1138031988
2598,1137374470
2600,1138031996
2612,1138032112
2616,1234789098
2628,1138032197
2628,1138032197
2640,1138032200
2641,1138032201
2642,1137373986
2648,1137200966
2660,1137521194
2662,1186588962
2664,1138032017
2677,1137202023
2692,1138032166
2693,1138032207
2694,1244787788
2699,1137373650
2700,1457844390
2700,1457844399
2700,1457844397
2700,1457844402
2700,1457844393
2700,1457844392
2700,1457844407
2700,1457844412
2706,1244707216
2706,1244707221
2706,1244707211
2706,1244707223
2706,1244707227
2706,1244707207
2706,1244707224
2706,1244707202
2710,1138031976
2710,1138031976
2712,1138032003
2716,1137205464
2717,1137373633
2719,1137373916
2723,1137205533
2726,1137205507
2728,1137520905
2728,1137520896
2728,1137520896
2731,1525285761
2731,1525285768
2731,1525285770
2731,1525285763
2731,1525285753
2745,1137202541
2745,1137191266
2750,1137443255
2750,1137443255
2761,1138032019
2761,1244787872
2762,1348626902
2762,1348626919
2762,1348626904
2762,1348626908
2762,1348626910
2762,1348626915
2762,1348626913
2762,1137205068
2762,1137202627
2787,1137374342
2791,1138031941
2791,1138031941
2797,1138032265
2801,1137205541
2803,1137374982
2804,1137191720
2827,1137374307
2863,1138032352
2871,1138032293
2872,1137191745
2872,1137191745
2905,1137201967
2915,1137374478
2918,1137191753
2919,1137367916
2919,1137367916
2919,1137367916
2927,1138032272
2935,1138032373
2937,1137205550
2939,1137202140
2940,1138032341
2941,1138032457
2943,1138804253
2951,1186588901
2952,1137191914
2953,1525636883
2953,1525636885
2953,1525636890
2953,1525636887
2959,1457842797
2959,1457842802
2959,1457842786
2959,1457842777
2959,1366676088
2959,1137205034
2959,1498456930
2959,1498456906
2959,1498456916
2959,1498456893
2959,1498456963
2959,1498456949
2959,1498456925
2959,1498456960
2959,1498456923
2959,1498456965
2959,1498456935
2959,1498456928
2959,1498456891
2959,1498456926
2959,1498456908
2959,1498456958
2959,1498456896
2959,1498456937
2959,1498456951
2959,1498456939
2959,1498456945
2959,1498456941
2959,1498456903
2959,1498456955
2959,1498456912
2959,1498456934
2959,1498456962
2959,1498456948
2959,1498456911
2959,1498456898
2959,1498456954
2959,1498456921
2959,1498456909
2959,1498456953
2959,1498456890
2959,1498456918
2959,1498456920
2959,1498456967
2959,1498456894
2959,1498456946
2959,1498456932
2959,1498456900
2959,1498456966
2959,1498456901
2959,1498456943
2959,1498456888
2959,1498456904
2959,1498456914
2966,1138032507
2966,1138032507
2967,1138038912
2968,1138032520
2987,1138032544
3000,1138032418
3000,1241396438
3000,1241396434
3000,1241396427
3000,1241396420
3000,1241396422
3006,1138032361
3006,1138032361
3007,1137201930
3011,1137191967
3028,1137374544
3030,1138032553
3039,1138032532
3039,1326608424
3040,1137373789
3044,1137202357
3044,1137202357
3052,1474592072
3052,1474592004
3052,1474592000
3052,1474591997
3052,1137191859
3060,1137201892
3071,1137375023
3072,1137191274
3077,1137201542
3077,1137201543
3081,1137374535
3087,1137271226
3087,1137271222
3095,1137205475
3095,1137205475
3097,1138032435
3098,1137201875
3098,1137201875
3101,1138032312
3108,1137374925
3111,1138032385
3114,1525636903
3114,1525636902
3114,1525636913
3114,1525636917
3114,1525636901
3114,1525636910
3114,1525636925
3114,1138032529
3115,1137191883
3125,1137191874
3134,1525287634
3134,1525287636
3135,1138032346
3147,1137191901
3152,1137521245
3160,1137202527
3174,1137191943
3175,1138032315
3176,1457845042
3176,1457845033
3176,1457845029
3176,1457845026
3176,1457845038
3176,1457845036
3176,1457845023
3176,1457845045
3176,1457845031
3176,1457845041
3176,1137202659
3176,1137202659
3178,1137374389
3181,1137179352
3186,1457846005
3186,1457846002
3186,1457846009
3186,1457846012
3186,1457845994
3186,1457845998
3192,1137201464
3210,1137374381
3211,1137191854
3211,1137191854
3247,1137374526
3250,1137202163
3258,1137375095
3259,1137375116
3260,1137181368
3263,1137374566
3265,1493843984
3265,1493843978
3266,1525283004
3266,1525283002
3266,1525282999
3266,1525282995
3266,1525283008
3266,1525283012
3270,1137375084
3273,1138032428
3273,1138032428
3281,1137374330
3306,1137205399
3306,1137205399
3307,1137205412
3310,1138032366
3317,1138032548
3330,1138032469
3330,1138032498
3338,1137201680
3341,1138032286
3360,1137784798
3384,1138032512
3385,1137374553
3386,1137191934
3386,1137191934
3408,1138032304
3408,1138032304
3420,1137375055
3421,1137374581
3421,1137374587
3424,1137191865
3424,1525284096
3429,1140626569
3435,1137520877
3447,1137191895
3451,1137181361
3451,1137205479
3451,1137205481
3451,1137205477
3456,1137201463
3461,1138032377
3462,1137205526
3468,1137521005
3469,1137375171
3469,1137375171
3469,1137375171
3475,1138032413
3481,1234788257
3481,1137181093
3489,1137191920
3498,1137201900
3499,1457846281
3499,1457846287
3499,1457846295
3499,1457846291
3499,1457846279
3499,1457846283
3499,1457846285
3502,1137375216
3504,1137191950
3507,1137200453
3512,1137205572
3515,1138032711
3526,1138032724
3527,1457901283
3527,1457901285
3527,1457901288
3527,1278683918
3527,1269832592
3527,1269832605
3527,1278683912
3527,1269832593
3527,1269832597
3527,1269832609
3527,1269832612
3528,1137374751
3536,1137181376
3536,1137181376
3546,1138032886
3548,1137205331
3549,1137191235
3552,1137374630
3556,1163148016
3556,1138032871
3556,1138032871
3559,1137202015
3566,1137205342
3566,1137205342
3578,1528152504
3578,1528152469
3578,1528152467
3578,1528152498
3578,1528152496
3578,1528152463
3578,1528152465
3578,1173212944
3608,1138032732
3629,1138032660
3671,1525283215
3671,1525283227
3671,1525283225
3675,1137205636
3676,1137202167
3676,1525282858
3676,1525282843
3676,1525282842
3676,1525282831
3676,1525282860
3676,1525282840
3676,1525282845
3676,1525282838
3676,1525282866
3676,1525282863
3676,1525282848
3676,1525282856
3676,1525282868
3676,1525282854
3676,1525282828
3676,1525282851
3683,1137521124
3712,1137375317
3723,1137191908
3724,1137201954
3730,1138032598
3735,1138032794
3793,1537094381
3793,1537094359
3793,1537094370
3793,1537094366
3793,1537094354
3793,1137205670
3801,1137191841
3811,1138032584
3816,1138032720
3844,1137375348
3849,1138032820
3859,1137201554
3859,1137201554
3877,1137374791
3897,1234788979
3897,1137205322
3897,1137205322
3897,1137205322
3910,1138032613
3910,1138032613
3911,1457844176
3911,1137181343
3932,1138032669
3948,1457846488
3948,1457846484
3949,1137192093
3949,1424141547
3949,1424141551
3951,1137179732
3967,1137191989
3983,1137205683
3988,1137373756
3994,1137205619
3994,1241396301
3994,1241396280
3994,1241396313
3994,1241396308
3994,1241396293
3994,1525285498
3994,1525285503
3996,1138032606
3996,1138032600
4007,1138032878
4012,1137374767
4015,1186589039
4019,1138032630
4024,1137375144
4025,1137374719
4027,1137520959
4029,1137205589
4034,1462919721
4034,1137784729
4046,1138032635
4077,1138039049
4105,1137374672
4113,1137192025
4117,1137200919
4138,1137373794
4144,1525283524
4144,1525283566
4144,1525283563
4144,1525283557
4144,1525283529
4144,1525283540
4144,1525283535
4144,1525283527
4144,1525283572
4144,1525283542
4144,1525283526
4144,1525283531
4144,1525283533
4144,1525283537
4144,1525283568
4144,1525283560
4144,1525283544
4144,1525283550
4160,1137205651
4164,1138032589
4164,1138032589
4166,1137374777
4171,1137192041
4174,1137200882
4184,1138032577
4189,1137375121
4189,1137375121
4190,1137520919
4190,1137520919
4191,1138032573
4194,1137201575
4204,1137373770
4210,1139059882
4210,1139059887
4211,1137192103
4214,1137374771
4218,1137202093
4221,1137374725
4223,1528024869
4223,1528024854
4223,1528024873
4223,1528024852
4223,1528024877
4226,1537094453
4226,1537094464
4226,1537094445
4226,1537094448
4226,1537094447
4226,1457842983
4226,1457842979
4226,1457842977
4226,1137191263
4226,1256051072
4226,1256051079
4226,1525282541
4226,1525282545
4232,1138032824
4246,1137205374
4259,1137192047
4262,1457900965
4263,1138032622
4292,1137192082
4296,1137374704
4306,1137205586
4312,1137202173
4316,1137375157
4326,1137375204
4326,1137375204
4333,1138032832
4343,1186589079
4343,1186589079
4347,1138032626
4356,1137201794
4359,1138032800
4361,1138032838
4370,1348628642
4370,1348628638
4370,1348628628
4370,1348628635
4370,1137205306
4380,1138032770
4396,1137373684
4404,1137200537
4446,1186588886
4447,1138032674
4448,1138032773
4448,1186589048
4454,1245030193
4454,1245030187
4454,1245030190
4454,1245030175
4454,1245030178
4454,1245030196
4454,1245030185
4465,1138032565
4476,1137374622
4477,1137373669
4489,1137766266
4489,1137374636
4495,1137202342
4526,1137373948
4537,1137205576
4545,1137374781
4546,1138032855
4546,1138032855
4552,1525285878
4552,1525285874
4552,1525285880
4552,1525285875
4552,1525285865
4552,1525285872
4558,1137374798
4571,1137205348
4600,1137375124
4612,1416086512
4621,1137374699
4623,1137374712
4638,1137374692
4639,1137375071
4639,1137375071
4641,1138032652
4677,1137373991
4678,1138032842
4688,1137201126
4708,1416086490
4725,1252820163
4725,1252820170
4725,1252820168
4725,1252820180
4787,1138032687
4801,1138032678
4808,1137374805
4809,1137367824
4809,1137367824
4812,1137374786
4812,1137374786
4816,1457846960
4816,1457846970
4816,1457846952
4816,1457846949
4816,1457846956
4816,1457846959
4823,1138032791
4835,1137192003
4857,1138039170
4857,1137192017
4874,1137375186
4874,1137375186
4878,1435857150
4878,1435857131
4878,1435857139
4878,1435857144
4878,1435857147
4878,1435857128
4878,1435857135
4878,1457901910
4878,1137205781
4878,1242494462
4878,1242494486
4878,1242494483
4878,1242494469
4878,1242494478
4878,1242494496
4878,1242494462
4878,1525282581
4878,1525282593
4878,1525282577
4878,1525282598
4878,1525282590
4878,1525282579
4878,1525282602
4878,1525282583
4878,1525282595
4878,1525282588
4878,1525282571
4878,1525282573
4878,1525282585
4881,1137192055
4896,1467566944
4896,1537094576
4896,1537094544
4896,1537094550
4896,1537094530
4896,1137205893
4896,1137205893
4902,1137367852
4920,1138039319
4963,1138039322
4969,1137179563
4970,1138039117
4970,1138039117
4973,1137202289
4979,1137271220
4980,1138039109
4993,1457901156
4993,1457901162
4993,1457901158
4993,1457901174
4993,1457901165
4993,1457901168
4993,1137181125
4995,1464428783
4998,1139102582
5008,1138039430
5008,1138039430
5012,1138039463
5012,1138039463
5015,1138039271
5034,1137191298
5064,1138039163
5064,1138039163
5064,1186589036
5088,1474592207
5114,1138039083
5120,1137200871
5135,1137192060
5139,1137373653
5213,1137373958
5224,1137201464
5238,1137202052
5254,1186589125
5254,1186589125
5266,1138039345
5291,1457845331
5291,1457845338
5291,1137200907
5291,1142282530
5294,1138039177
5304,1137200961
5316,1137375111
5349,1137206068
5353,1137784621
5377,1137181073
5379,1137205732
5379,1137205732
5388,1530310809
5388,1530310959
5388,1530310952
5388,1530310811
5388,1537094680
5388,1537094688
5388,1537094685
5398,1138039410
5404,1138039075
5445,1137206007
5446,1137181573
5450,1138039255
5450,1138039255
5451,1137375287
5451,1137375287
5459,1262795620
5459,1262795632
5459,1262795653
5464,1348627174
5464,1348627179
5470,1137181530
5475,1137201978
5483,1137181538
5498,1137179781
5502,1137206065
5505,1137205854
5505,1137205854
5527,1138039372
5527,1138039372
5528,1138039335
5528,1138039335
5548,1137374645
5577,1138039226
5601,1138039452
5603,1138039241
5603,1138039241
5618,1137206076
5629,1137374683
5630,1139059884
5633,1138039202
5644,1138039381
5644,1138039381
5669,1138039133
5673,1137206033
5673,1525282648
5673,1525282635
5673,1525282627
5673,1525282650
5673,1525282629
5673,1525282646
5673,1525282654
5673,1525282652
5673,1525282631
5673,1525282616
5673,1525282637
5673,1525282643
5682,1138039189
5685,1137206048
5690,1137205866
5690,1137205866
5690,1525283799
5690,1525283801
5690,1525283797
5690,1525283788
5690,1525283804
5690,1525283795
5690,1525283809
5694,1175638092
5721,1137200976
5721,1137200976
5747,1137181512
5791,1138039181
5792,1137375296
5802,1138039442
5812,1137181505
5816,1137205882
5816,1137205882
5820,1138039419
5875,1137375257
5876,1138039395
5878,1138039423
5899,1137442538
5952,1436944038
5952,1137181130
5954,1138039070
5954,1138039070
5971,1138039281
5989,1138039137
5989,1424139697
5989,1424139627
5989,1424139605
5989,1424139629
5989,1424139670
5989,1424139608
5989,1424139659
5991,1138039145
5991,1138039140
5991,1138039142
5994,1138039286
5995,1455735472
5995,1455735479
5995,1137181562
6002,1138307168
6002,1138307168
6002,1138307168
6003,1138307058
6016,1457900999
6016,1457901005
6016,1138039157
6016,1138039157
6016,1138039157
6016,1186588853
6020,1138307024
6027,1137200848
6031,1138039234
6031,1138039234
6041,1137200888
6058,1525555053
6058,1525555051
6063,1137375194
6090,1138307131
6101,1137900975
6101,1137900975
6101,1137900975
6104,1138039279
6107,1178473747
6156,1138307301
6157,1186589133
6157,1186589133
6159,1138307031
6163,1137205905
6170,1138307048
6178,1138039358
6178,1138039358
6178,1138039358
6181,1138039404
6181,1138039404
6183,1138039366
6183,1138039366
6188,1457846098
6188,1457846100
6195,1138498655
6195,1138498655
6197,1138307351
6201,1137191244
6214,1525283391
6214,1525283383
6216,1138307229
6218,1138039102
6228,1137201613
6232,1138039126
6232,1138039125
6235,1138307079
6235,1138307079
6238,1138307096
6242,1138307280
6244,1137201921
6245,1138307361
6254,1137181469
6268,1138307261
6269,1137206096
6273,1137521025
6281,1138307249
6283,1537094506
6283,1537094487
6283,1537094503
6286,1138039259
6288,1138307044
6289,1138307085
6290,1457902367
6291,1138039248
6291,1525287038
6291,1525287040
6291,1525287050
6296,1138039267
6297,1138307101
6299,1138307384
6305,1137181490
6308,1137374834
6323,1161800041
6327,1138486479
6327,1137200584
6331,1138039807
6333,1137202706
6333,1137202706
6333,1137202706
6333,1137205082
6333,1137202706
6334,1138039540
6337,1138307244
6339,1138307176
6341,1138307304
6350,1138039543
6367,1161799885
6367,1161799951
6367,1138039562
6368,1138307051
6373,1137375076
6373,1186588855
6375,1137200486
6375,1137200486
6377,1138039593
6377,1138039593
6377,1525286742
6378,1138307128
6380,1137205738
6385,1137202810
6390,1138307320
6400,1315333136
6400,1138307197
6407,1137374882
6407,1137374882
6422,1138039799
6440,1138307037
6452,1137201737
6454,1138307204
6466,1137202027
6502,1525274359
6502,1137181462
6515,1137206135
6516,1137202127
6534,1525554096
6534,1525554086
6534,1525554098
6534,1525554100
6535,1137374839
6536,1138307326
6539,1138307257
6541,1525554054
6541,1525554028
6541,1525554056
6541,1525554040
6541,1525554026
6541,1525554051
6545,1137181524
6547,1137375241
6552,1138039559
6564,1525554439
6564,1525554432
6564,1525554441
6565,1138307288
6579,1138307236
6591,1138039719
6592,1138039795
6603,1137375103
6609,1138307089
6620,1137205715
6636,1138307356
6639,1138307381
6650,1138039708
6650,1138039708
6650,1138039708
6660,1138307265
6662,1137375266
6667,1138307378
6668,1137179689
6669,1138039639
6669,1525286218
6669,1525286214
6669,1525286220
6669,1525286216
6708,1138307183
6708,1138307183
6710,1138307069
6711,1425352343
6711,1138307143
6713,1137201914
6724,1137201684
6732,1137375130
6744,1137375236
6753,1138307295
6768,1138039714
6770,1138307212
6770,1138307212
6773,1138307369
6776,1137181544
6785,1137206059
6786,1137201845
6787,1138039529
6787,1138039529
6787,1159980769
6788,1137374818
6791,1137191312
6807,1138307193
6810,1138307335
6818,1525282332
6818,1525282333
6818,1525282337
6818,1525282340
6818,1525282335
6820,1138039608
6832,1138307274
6849,1137374871
6852,1138307125
6852,1138307125
6852,1138307125
6852,1138307125
6852,1138307125
6856,1138039917
6863,1138307284
6867,1138039811
6870,1138307224
6870,1138307224
6874,1138039672
6874,1138039672
6881,1137181567
6890,1138039574
6890,1138039574
6909,1138039587
6912,1137179371
6918,1138039870
6932,1137181582
6936,1138039581
6938,1160681362
6938,1160681362
6944,1137374824
6944,1137374824
6948,1138039867
6948,1138039867
6953,1462398032
6963,1137181478
6970,1137521576
6979,1138039874
6981,1138039909
6984,1138039822
6985,1137206024
6993,1138039618
7013,1137206020
7018,1137375276
7018,1137375276
7020,1150988077
7022,1474381749
7022,1474381755
7022,1474381612
7022,1474381812
7022,1474381779
7022,1474381786
7022,1474381739
7022,1474381788
7022,1474381609
7022,1474381745
7023,1137179697
7024,1525283990
7024,1525284016
7024,1525283975
7024,1525283987
7024,1525284009
7024,1525284013
7024,1525283979
7025,1137179593
7049,1137784580
7050,1137784592
7053,1138039791
7055,1138039819
7059,1138039728
7061,1138039554
7062,1138039535
7062,1138039535
7069,1137201628
7069,1137201628
7070,1138039780
7071,1137201154
7073,1137375451
7078,1348628505
7078,1348628502
7079,1137375406
7086,1137201703
7087,1138039751
7088,1137202031
7090,1138039622
7091,1138559500
7121,1137181204
7132,1138039735
7132,1138039735
7139,1138039653
7141,1137201569
7147,1435857017
7147,1435857038
7147,1435857020
7147,1435857024
7153,1528152558
7153,1528152578
7153,1528152556
7153,1528152571
7153,1528152575
7153,1528152581
7153,1528152580
7153,1528152577
7153,1528152561
7153,1137181217
7156,1138039601
7158,1137205933
7160,1138039725
7162,1138039548
7190,1140047502
7212,1138039664
7212,1138039664
7217,1137521621
7218,1137179905
7219,1138039826
7234,1137206103
7254,1474381441
7254,1474381448
7254,1474381455
7254,1474381439
7256,1138039857
7285,1138039837
7301,1137521429
7301,1137521429
7318,1138039757
7323,1138039614
7361,1435857168
7361,1435857171
7361,1435857163
7361,1457901740
7361,1137205808
7361,1242494340
7361,1256051047
7361,1242494357
7361,1256051045
7361,1256051041
7361,1525282744
7361,1525282751
7361,1525282731
7361,1525282670
7361,1525282677
7361,1525282696
7361,1525282701
7361,1525282681
7361,1525282667
7361,1525282786
7361,1525282735
7361,1525282811
7361,1525282724
7361,1525282746
7361,1525282737
7361,1525282692
7361,1525282728
7361,1525282673
7361,1525282687
7361,1525282715
7361,1525282694
7361,1525282704
7361,1525282683
7361,1525282689
7371,1137205800
7382,1138039629
7382,1138039629
7382,1171234019
7438,1137205948
7439,1201196824
7440,1142279175
7444,1348627960
7451,1348627907
7451,1348627902
7451,1348627909
7451,1137205962
7479,1138039893
7493,1138039850
7572,1137181595
7584,1138039906
7584,1138039906
7614,1138040199
7618,1137201647
7618,1137201648
7619,1138040167
7619,1138040171
7646,1137374860
7649,1138039958
7700,1137201116
7705,1137521641
7705,1137521641
7713,1138040011
7714,1138039998
7728,1138040205
7748,1137202002
7766,1138040268
7789,1138039932
7792,1137200939
7831,1137201638
7832,1137201717
7833,1137201661
7834,1137200666
7835,1137201747
7924,1137201677
7926,1137179753
7932,1137271192
7932,1137271192
7932,1137271192
7932,1137271192
7932,1137271191
7932,1137271192
7934,1138040275
7936,1173392334
7981,1138040118
7983,1138039989
8011,1143998541
8014,1137200544
8019,1138040062
8033,1137200492
8094,1137179631
8153,1137375419
8167,1138040004
8183,1137201001
8188,1137179956
8190,1137201864
8191,1138039949
8197,1137202144
8207,1138040067
8228,1138040147
8235,1137202793
8266,1137375433
8275,1137201789
8335,1525285746
8337,1138039993
8338,1138039973
8338,1138039973
8341,1137200651
8360,1138040236
8366,1138040220
8366,1138040220
8368,1137202784
8368,1137202784
8375,1137375412
8376,1138040176
8379,1137200899
8382,1137375392
8424,1138040077
8446,1137375442
8463,1138040133
8464,1138040254
8464,1138040254
8477,1525282477
8507,1138040090
8530,1138040071
8533,1424141963
8533,1424141953
8533,1424141974
8580,1137201021
8580,1137201021
8607,1137201077
8609,1137179727
8622,1138040083
8622,1138040083
8636,1137202798
8638,1138039967
8641,1526249138
8641,1526249156
8641,1526249135
8641,1520707078
8641,1234789177
8641,1457846537
8641,1457846533
8645,1138040155
8645,1138040155
8695,1137375369
8714,1137375425
8754,1142282521
8765,1137179707
8783,1242580424
8783,1242580444
8783,1242580441
8784,1138040105
8796,1137375385
8809,1138040052
8827,1138039969
8838,1137179758
8874,1138040225
8875,1138040042
8875,1138040042
8879,1145755135
8879,1145755138
8879,1145755140
8880,1138040162
8914,1138040211
8920,1142282522
8938,1138040262
8938,1138040262
8943,1137375373
8949,1138040242
8950,1457842841
8950,1457842847
8950,1457842857
8950,1457842844
8950,1457842854
8950,1457842837
8950,1138040138
8951,1138040272
8957,1474382001
8957,1474382019
8957,1474382015
8957,1474381987
8957,1474381982
8957,1474381973
8957,1474381994
8958,1138040214
8961,1138040115
8961,1138040115
8961,1244789192
8961,1244789197
8970,1138040086
8979,1137521449
8983,1138040109
8998,1137179738
9010,1474381529
9018,1138040046
25753,1139940948
25771,1525282469
25771,1525282464
25771,1525282466
25825,1137205843
25841,1138040249
25855,1137179637
25865,1137201652
25886,1137206038
25940,1137521290
25952,1137179713
26085,1137179665
26131,1137200982
26151,1145749895
26242,1137179570
26662,1138040136
26717,1525285892
26717,1525285894
26717,1525285896
26776,1137179786
27020,1457901575
27020,1457901570
27156,1537094261
27156,1537094269
27156,1537094270
27156,1537094278
27156,1537094263
27660,1525554490
27660,1525554488
27660,1525554486
27660,1525554500
27660,1525554493
27660,1525554491
27706,1526248598
27706,1526248575
27706,1526248580
27706,1526248553
27706,1526248601
27731,1137201122
27741,1137179587
27773,1525283311
27773,1525283317
27773,1525283303
27773,1525283306
27773,1525283304
27773,1525283318
27773,1525283313
27773,1525283339
27790,1138040326
27790,1138040326
27808,1525554900
27808,1525554919
27808,1525554922
27820,1138040358
27820,1138040358
27831,1532723304
27831,1532723364
27831,1532723305
27831,1532723355
27831,1532723369
27831,1532723356
27831,1532723359
27834,1138040348
27838,1137205953
27878,1138038974
27882,1139939407
30707,1138040320
30749,1137205917
30793,1138038979
30810,1525284057
30810,1525284048
30810,1525284031
30810,1525284067
30810,1525284041
30810,1525284034
30812,1138038949
30812,1138038949
30812,1138038949
30820,1137206121
30822,1137205938
30825,1457846573
30825,1457846569
30850,1137181555
30892,1240158590
30892,1240158551
30892,1240158560
31030,1138040311
31437,1138040341
31658,1525869041
31658,1525869051
31658,1525869046
31658,1525869044
31658,1145451856
31658,1137201531
31903,1138040364
31923,1137200865
32160,1137179674
32371,1137202044
32582,1138804206
32582,1138804206
32584,1138038959
32587,1139046748
33154,1137766122
33154,1137766122
33154,1137766123
33162,1525554605
33162,1525554550
33162,1525554577
33162,1525554511
33166,1138038982
33493,1137206087
33493,1137206087
33660,1139046203
33660,1137201602
34150,1525554141
34150,1525554003
34150,1525554138
34150,1525554127
34150,1525554144
34150,1525553977
34162,1139046811
34271,1141848751
34323,1457902355
34359,1138040301
34405,1520284921
34405,1137181624
34437,1137179720
34482,1137202180
34528,1139693892
34542,1138039000
34542,1138039000
35015,1137180081
35015,1137202200
35836,1186589105
35836,1186589105
35836,1186589105
35836,1186589105
36517,1139234947
36517,1139234947
36517,1139234947
36527,1137201998
36529,1139046289
36535,1137201162
37240,1138804230
37384,1229142458
37729,1530310527
37729,1530310534
37729,1530310529
37729,1530310526
37729,1530310541
37729,1139047294
37729,1139059938
37733,1137200955
37736,1139940656
37741,1142996187
38038,1139664190
38038,1139664221
38061,1532723380
38061,1532723403
38061,1532723406
38061,1532723428
38061,1532723408
38061,1532723402
38061,1137179624
38798,1139047262
38886,1145451837
39234,1140576326
39234,1137202089
39292,1137201595
39292,1137201595
39292,1137201595
39292,1137201595
40278,1457846443
40278,1457846449
40491,1525282384
40583,1137200527
40629,1137179797
40815,1137202776
40815,1137202776
40819,1137200595
40955,1229140689
41566,1137181617
41569,1262795959
41997,1137179603
42002,1137202150
42422,1252377761
42632,1474381492
42740,1138804237
44665,1456948283
44889,1229140863
45447,1525637064
45447,1525637075
45447,1525637062
45447,1525637081
45447,1525637079
45447,1525637067
45447,1525637084
45499,1262795979
45499,1262795972
45730,1242580531
45730,1242580521
45730,1242580526
45730,1242580523
45730,1242580497
45730,1242580504
45730,1242580508
45880,1525287347
45880,1525287351
46723,1525554217
46723,1525554227
46723,1525554215
46723,1525554246
46972,1525554254
46972,1525554255
46976,1536874692
46976,1536874655
46976,1536874658
46976,1536874651
46976,1536874662
46976,1536874653
47610,1242580608
47610,1242580578
47610,1242580595
47610,1242580580
48394,1525286824
48394,1525286830
48394,1525286827
48516,1169687325
48516,1348627149
48516,1348627152
48516,1348627154
48516,1348627156
48516,1457843188
48516,1457843173
48516,1457843178
48516,1457843176
48516,1457843184
48698,1276006189
48780,1161615435
48780,1525286470
48780,1525286468
49130,1526582371
49530,1536874706
49530,1536874704
49530,1536874701
49530,1536874709
49530,1536874698
50872,1453051551
50872,1453051559
50872,1525283885
50872,1525283888
51255,1234789115
52287,1176498861
52604,1457650696
52604,1457650711
52604,1457650682
52712,1186722048
52712,1186722060
52885,1256051008
53127,1457923334
53127,1457923313
53127,1457923337
53127,1457923284
53127,1457923318
53127,1457923256
53464,1525554797
53464,1525554811
53464,1525554822
53464,1525554807
53464,1525554794
53464,1525554792
53464,1525554813
53468,1254101434
54286,1188774519
54286,1188774517
54286,1188774515
54286,1188774524
54503,1244566102
54503,1244566117
54503,1244566094
54503,1244566133
54503,1244566119
54503,1244566122
54503,1244566127
54997,1348627195
55167,1282924582
55290,1348627116
55290,1348627127
55290,1348627131
55721,1462919777
55765,1424139519
55765,1424139515
55765,1424139559
55765,1424139529
56174,1262795676
56174,1262795677
56174,1262795681
56174,1262795684
56174,1262795671
56174,1262795695
56174,1262795699
56174,1262795669
56174,1262795702
56367,1244566158
56367,1244566156
56367,1244566154
56367,1244566153
56367,1244566176
56782,1525283248
56782,1525283239
56782,1525283288
56782,1525283242
56782,1525283245
56782,1525283253
56782,1525283268
56782,1525283236
57502,1525285566
57502,1525285567
57502,1525285561
57502,1525285558
57669,1269832562
57669,1269832561
57669,1269832559
57669,1269832564
57669,1269832567
57669,1269832579
57669,1269832572
57669,1269832574
58047,1528909364
58047,1528909347
58295,1424139043
58295,1424139058
58295,1424139056
58301,1474381561
58301,1525283356
58301,1525283360
58301,1525283358
58301,1525283367
58559,1366676040
58559,1366676054
58559,1525285594
58559,1525285601
59103,1222676394
59103,1222676405
59141,1241396155
59501,1525637507
59501,1525637517
59501,1525637508
59501,1525637603
60069,1241396252
60069,1241396256
60069,1241396239
60069,1241396236
60074,1525554116
60074,1525554121
60074,1525554107
60126,1527004240
60126,1527004238
60516,1326610782
60756,1445714994
60756,1445714996
60756,1445714992
60756,1528934384
60756,1528934381
60756,1528934379
60756,1457846127
60756,1457846129
60950,1474591817
61024,1528934218
61024,1528934214
61024,1528934216
61024,1528934219
61323,1228073481
61323,1269832483
61323,1269832486
61323,1269832484
61323,1269832488
61323,1269832491
61323,1269832490
61323,1269832492
61323,1269832497
61323,1269832504
61323,1269832501
62336,1282924611
62336,1282924621
62336,1282924615
62336,1282924617
62434,1474592476
62434,1474592473
63062,1525286194
63992,1528934237
63992,1528934241
63992,1528934247
63992,1528934240
63992,1528934233
64034,1242160404
64034,1242160427
66097,1457844468
66097,1457844484
66097,1457844475
66097,1457844498
66097,1457844481
66097,1457844494
66934,1244788368
66934,1244788378
66934,1244788374
66934,1244788359
67087,1269833868
67087,1269833887
67087,1269833884
67087,1269833878
67087,1269833873
67087,1269833863
67087,1269833871
67087,1269833866
67695,1474382123
68157,1457844667
68157,1457844663
68157,1457844660
68157,1457844652
68157,1457844670
68237,1252898614
68237,1252898620
68237,1252898625
68319,1241762577
68319,1262795886
68319,1241938912
68319,1262795892
68319,1262795891
68319,1241941484
68358,1245030304
68358,1262795924
68358,1262795926
68358,1245030309
68358,1262795933
68358,1245030316
68358,1262795932
68358,1262795931
68358,1262795929
68791,1262795849
68791,1262795862
68791,1262795842
68791,1262795859
68791,1262795846
68791,1262795852
68791,1262795875
68791,1243401981
68791,1262795854
68791,1243401992
68791,1262795871
68791,1262795873
68848,1527274305
68848,1527274320
68848,1527274322
68848,1527274324
68848,1527274316
68848,1527274311
68945,1246349071
68954,1266408634
68954,1266408641
68954,1266408638
68954,1266408643
68954,1266408645
68954,1266408656
68954,1266408658
68954,1266408662
68954,1266408675
68954,1525286758
68954,1525286759
68954,1525286755
68954,1525286762
69122,1424140307
69122,1424140299
69122,1424140317
69122,1424140308
69122,1424140298
69481,1424144802
69526,1262795720
69526,1262795729
69526,1246346162
69526,1262795732
69526,1262795737
69526,1246346172
69526,1246346159
69757,1279956134
69757,1279956141
69757,1279956124
69757,1279956130
69757,1279956132
69757,1279956145
69757,1279956123
69757,1279956120
70286,1250476969
71494,1426783741
71535,1529777198
71535,1529777189
71535,1529777192
71535,1529777194
71535,1529777186
71535,1529777129
71899,1525283044
71899,1525283050
71899,1525283036
71899,1525283033
71899,1525283029
71899,1525283039
71899,1525283031
71899,1525283034
71899,1525283043
71899,1525283048
71899,1525283041
71899,1525283052
71899,1525283027
72224,1296891269
72998,1262707524
72998,1262707531
72998,1262707532
72998,1262707536
72998,1262707534
72998,1262707537
72998,1262707551
72998,1262707525
72998,1262794416
72998,1262707542
72998,1424140229
72998,1424140242
72998,1424140259
72998,1424140263
72998,1424140252
72998,1424140286
72998,1424140237
72998,1424140233
74458,1457843102
74458,1457843110
74458,1457843107
74458,1457843104
74458,1457843098
74458,1457843113
74458,1457843122
74791,1525286112
74791,1525286110
79132,1457844927
79132,1457844911
79132,1457844916
79132,1457844903
79132,1457844920
79132,1457844914
79132,1280608188
79132,1280608178
79132,1280608181
79132,1424140151
79132,1424140142
79132,1424140133
79132,1424140200
79132,1424140118
79132,1424140154
79132,1424140159
79132,1424140185
79132,1424140124
79132,1424140165
79132,1424140162
79132,1424140144
79132,1424140130
79132,1525287390
79132,1525287383
79132,1525287385
79132,1525287380
79702,1282923864
79702,1282923853
79702,1282923856
79702,1282923860
80463,1525286347
80463,1525286325
80463,1525286317
80489,1424139483
80489,1424139489
80489,1424139421
80489,1424139454
80834,1435992979
80834,1435992979
80834,1435992979
80906,1424461859
80906,1424461848
80906,1424461852
80906,1424461854
80906,1424461849
80906,1424461857
81158,1299452954
81562,1457901404
81591,1457845684
81591,1457845658
81591,1457845668
81591,1457845670
81591,1457845677
81591,1457845661
82242,1293690470
82459,1300485463
82459,1300485477
82459,1300485479
82459,1300485480
82459,1300485405
82461,1296891206
82461,1296891200
82461,1296891195
82461,1296891202
82461,1296891203
83134,1518811477
85565,1377022063
87430,1525555172
87430,1525555168
87430,1525555170
87430,1525555164
87430,1525555176
87430,1525555184
87430,1525555162
87430,1525555182
87430,1525555181
88094,1457444500
88094,1457444592
88094,1457444609
88405,1525554879
88405,1525554868
88405,1525554872
88405,1525554880
88405,1525554873
88405,1525554861
88405,1525554866
88405,1525554883
88405,1525554864
89745,1424140576
89745,1424140613
89745,1424140571
89745,1424140598
89745,1525285537
89745,1525285534
89745,1525285532
89774,1445715207
89774,1445715200
89774,1445715205
90439,1424141059
90439,1424138651
90439,1424138635
90439,1424138654
90439,1424138667
90439,1424138645
90439,1424138641
90439,1424141005
90439,1424141052
90769,1422524320
90769,1422524320
90769,1422524320
91500,1348626941
91529,1348626758
91529,1348626755
91529,1348626760
91529,1348626775
91529,1348626779
91529,1348626766
91529,1348626786
91529,1348626790
92259,1424141413
92259,1424141386
94959,1525286360
95067,1424140932
95441,1424140358
95558,1525287504
95558,1525287499
95558,1525287506
96079,1525287362
96079,1525287364
96079,1525287366
96084,1421145735
96084,1421145735
96084,1421145735
96861,1529611262
96861,1529611250
96861,1529611266
96861,1529611256
96861,1529611269
97304,1424138568
97304,1424138581
97304,1424138560
97938,1435857101
97938,1435857092
97938,1435857076
98809,1436944128
98809,1436944141
98961,1362867327
98961,1362867290
98961,1362867308
98961,1362867315
98961,1362867303
99114,1526078792
99114,1526078766
99114,1526078778
99114,1526078785
99114,1526078768
99114,1526078787
99114,1526078762
99114,1526078760
99114,1526078763
99114,1526078781
99114,1526078773
99114,1424140415
99764,1525282453
99764,1525282451
99764,1525282456
99764,1525282455
99917,1525286643
99917,1525286654
99917,1525286652
99917,1525286645
99917,1525286649
99917,1525286647
100083,1474377075
100083,1474377060
100083,1474377035
100083,1474377015
100083,1474381901
101142,1436563067
101142,1436563067
101142,1436563067
102007,1453135047
102903,1457845623
102903,1457845593
102903,1457845596
102903,1457845587
103042,1525555328
103042,1525555319
104218,1424317302
104841,1424140813
104841,1424140806
104841,1424140784
104841,1424140794
104841,1424140827
104841,1424140838
104863,1528843968
104863,1528843965
104875,1525285913
104879,1457846360
104879,1457846358
104879,1457846366
104879,1457846364
104879,1457846355
104879,1457846368
104879,1457846378
104879,1457846362
104944,1525285982
104944,1525285975
104944,1525285984
104944,1525285990
104944,1525285973
105504,1424141178
105504,1424141170
105504,1424141149
105504,1525286930
105504,1525286932
106100,1457845924
106100,1457845921
106100,1457845933
106489,1467566979
106489,1457901210
106489,1457901214
106489,1457901201
106766,1525283920
106766,1525283924
106766,1525283919
106766,1525283917
106782,1445715054
106782,1445715051
106782,1445715056
106782,1424142693
106782,1424142688
107348,1528935011
107348,1528935000
107348,1528935013
107348,1528935002
107406,1525286785
108190,1525554841
108190,1525554835
108190,1525554830
108190,1525554832
108190,1525554845
108190,1525554847
108190,1525554839
108190,1525554843
108932,1525283702
108932,1525283675
108932,1525283676
108932,1525283700
108932,1525283672
108932,1525283681
108932,1525283678
109487,1493093306
109487,1493093332
109487,1493093356
109487,1457901805
109487,1457901808
109487,1457901811
109487,1525287562
109487,1525287571
109487,1525287567
109487,1525287559
111364,1414693918
111743,1530471420
111743,1530471434
111743,1530471419
111743,1530471417
112421,1525283433
112421,1525283421
112421,1525283427
112421,1525283425
112421,1525283417
112421,1525283419
112515,1457843258
112515,1457843256
112515,1457843228
112515,1457843261
112552,1429347541
112552,1429347541
112552,1429347541
112552,1424487178
112552,1424487178
112552,1424487178
112552,1525286276
112552,1525286278
112552,1525286274
112556,1457845088
112556,1457845155
112852,1525285382
112852,1525285333
112852,1525285336
112852,1525285378
113705,1525286093
114180,1525554460
114180,1525554450
114180,1525554454
114180,1525554458
114180,1525554456
114180,1525554471
114180,1525554473
114180,1525554463
114627,1525286623
114627,1525286627
114627,1525286621
114627,1525286619
115149,1528152251
115149,1528152257
115149,1528152244
115149,1528152241
115149,1528152258
115149,1528152247
115149,1437763143
115149,1437763143
115149,1437763143
115617,1435944890
115617,1435944890
115617,1435944890
115617,1435523876
115617,1435523876
115617,1435523876
116797,1525286868
116797,1525286865
116897,1528152849
116897,1528152859
116897,1528152847
116897,1528152854
116897,1528152862
116897,1528152852
117877,1525287615
117877,1525287611
117887,1525285938
118696,1453135079
118784,1420400992
118784,1420400992
118784,1420400992
118985,1419805477
119141,1419793962
119141,1525555146
119141,1525555138
119141,1525555129
119141,1525555132
119141,1525555127
119145,1525286728
120635,1438439306
120635,1438439306
120635,1438439306
122882,1525283844
122882,1525283853
122882,1525283836
122912,1526029023
122912,1526029001
122912,1526029025
122912,1526029015
122912,1526028997
122912,1526028983
122912,1526028991
122912,1526028985
122912,1526029010
122912,1526028994
122912,1525282411
122912,1525282392
122912,1525282400
122912,1525282405
122912,1525282403
122916,1525285267
122916,1525285285
122916,1525285291
122916,1525285265
122916,1525285281
122918,1525286132
122922,1525287157
126548,1447532592
126548,1447532575
127172,1423222565
127172,1423222565
127172,1423222565
127298,1525286249
127298,1525286256
128360,1526078910
128360,1526078902
128360,1526078901
128360,1526078886
128360,1526078877
128360,1526078883
128360,1526078880
128360,1526078912
128360,1526078899
134130,1525287677
134170,1525283492
134170,1525283483
134170,1525283502
135133,1525637480
135133,1525637484
135133,1525637487
135133,1525637488
135133,1525637499
135133,1525637483
135133,1525637481
135518,1530471365
135518,1530471346
135518,1530471343
135518,1530471352
135536,1525555090
135536,1525555084
135536,1525555077
135536,1525555106
135536,1525555092
135536,1525555080
135536,1525555089
135536,1525555079
135536,1525555094
135536,1525555099
135536,1525555072
135536,1525555074
135536,1525555069
135536,1525555073
135536,1525555087
135536,1525555083
135536,1525555103
135536,1525555109
135536,1525555076
136864,1525555242
136864,1525555211
136864,1525555223
136864,1525555227
136864,1525555225
136864,1525555240
136864,1525555243
136864,1525555213
136864,1525555233
138036,1525287196
138036,1525287190
139385,1526079025
139385,1526079019
139385,1526079029
139385,1526079038
139385,1525287409
139385,1525287413
139385,1525287426
139644,1525286568
139644,1525286565
140174,1525287480
140174,1525287482
141890,1525286977
143367,1525283159
143367,1525283157
143367,1525283155
143367,1525283168
144210,1455060381
144210,1455060452
148626,1525287708
148626,1525287704
148626,1525287702
148881,1525282419
148881,1525282422
152077,1525287447
152077,1525287443
152711,1478489688
152711,1478489709
152711,1478489696
152711,1478489701
152711,1478489713
153070,1525282902
155288,1525286165
155288,1525286163
156371,1474469700
156605,1525283453
156605,1525283455
156605,1525283456
158872,1474382035
158872,1474382087
158872,1474382053
158872,1474382047
158872,1474382100
158966,1526076353
158966,1526076341
158966,1526076339
158966,1526076350
158966,1526076344
158966,1526076342
161634,1525287241
164179,1525285690
164179,1525285686
164179,1525285696
164179,1525285706
164179,1525285699
164179,1525285688
164179,1525285693
164909,1525287656
164909,1525287658
167746,1525285825
167746,1525285833
168248,1528152295
168248,1528152291
168248,1528152287
168248,1528152293
168248,1528152284
168248,1528152289
168248,1528152282
168248,1493844270
168252,1525283942
168252,1525283946
168252,1525283940
168252,1525283948
168252,1525283957
170945,1525286504
170945,1525286501
174053,1525637341
174053,1525637343
174053,1525637346
174053,1525637384
174053,1525637344
174055,1525285239
174055,1525285236
174055,1525285229
176371,1525283076
176371,1525283078
176371,1525283075
176371,1525283093
176371,1525283084
176371,1525283080
176371,1525283086
176371,1525283089
176419,1525287584
176419,1525287588
176419,1525287586
179401,1528934538
179401,1528934534
179401,1528934540
179401,1528934536
180031,1525284150
180031,1525284163
180985,1525285320
183611,1526244689
183611,1526244688
183611,1526244709
184471,1528024900
184471,1528024914
184471,1528024898
187593,1527274096
187593,1527274092
187593,1527274090
187595,1528934560
187595,1528934552
193565,1537098582
193565,1537098587
193565,1537098603
193565,1537098592
