movieId,Date,Time
1,2006-02-04,09:36:04
1,2006-01-14,02:47:05
1,2018-05-02,18:33:33
2,2018-06-12,22:52:09
2,2018-06-12,22:52:12
2,2018-06-12,22:51:47
2,2006-01-16,01:39:12
3,2006-03-27,02:01:00
3,2006-03-27,02:01:00
5,2006-01-16,01:11:43
5,2006-01-16,01:11:43
7,2006-01-16,01:40:42
11,2006-01-16,01:28:24
11,2006-01-16,01:28:24
14,2006-01-16,01:40:23
14,2006-01-16,01:40:23
16,2006-01-13,19:47:20
17,2006-01-13,19:39:13
21,2006-01-14,02:36:18
22,2006-01-16,01:38:16
25,2006-01-24,21:19:15
26,2006-01-24,21:20:03
28,2006-01-14,01:25:42
28,2006-01-13,19:20:37
29,2006-01-24,21:17:53
31,2006-01-16,01:38:22
31,2006-01-16,01:38:22
32,2016-03-13,20:44:32
32,2006-01-14,02:47:06
32,2009-05-16,17:18:30
32,2009-05-16,17:18:26
32,2009-05-16,17:18:41
32,2009-05-16,17:18:20
32,2009-05-16,17:18:20
32,2009-05-16,17:18:35
32,2009-05-16,17:18:24
32,2009-05-16,17:18:22
34,2006-01-13,19:35:56
34,2006-01-14,02:20:37
34,2009-06-12,06:24:05
36,2006-01-14,01:32:43
36,2006-01-13,22:27:07
38,2006-01-16,01:09:20
39,2012-09-26,02:51:07
39,2012-09-26,02:51:09
39,2012-09-26,02:51:11
39,2012-09-26,02:51:13
39,2012-09-26,02:51:18
39,2006-01-24,21:18:12
39,2006-01-24,21:18:12
40,2006-01-14,01:28:27
40,2006-01-14,01:28:27
41,2006-01-24,21:20:46
43,2006-01-24,21:20:40
45,2006-01-14,02:47:06
46,2006-01-16,01:38:59
47,2016-03-13,04:14:30
47,2016-03-13,04:14:18
47,2006-01-14,02:40:52
50,2016-03-13,04:12:08
50,2016-03-13,04:11:55
50,2016-03-13,04:12:12
50,2016-03-13,04:12:20
50,2016-03-13,04:11:46
50,2006-01-14,02:47:06
52,2006-01-14,02:38:35
52,2006-01-14,02:39:31
58,2006-01-24,21:20:13
62,2006-01-16,01:29:17
92,2006-01-24,21:19:34
96,2006-01-24,21:18:57
101,2006-01-24,21:17:40
101,2018-05-02,18:53:36
101,2018-05-02,18:53:34
104,2006-08-04,19:14:32
104,2006-01-16,01:13:34
104,2009-06-12,06:21:31
107,2006-01-16,01:39:33
110,2018-06-04,22:49:01
110,2018-06-04,22:48:52
110,2018-06-04,22:48:43
110,2018-06-04,22:48:47
110,2018-06-04,22:48:48
110,2018-06-04,22:48:41
110,2018-06-04,22:48:59
110,2018-06-04,22:48:51
110,2018-06-04,22:48:55
110,2006-01-13,19:36:14
111,2006-01-14,02:41:53
116,2006-01-23,18:19:58
122,2006-01-16,01:07:59
140,2006-01-16,01:30:31
147,2016-03-13,20:40:27
147,2016-03-13,20:40:31
147,2016-03-13,20:40:25
147,2016-03-13,20:40:24
150,2006-01-14,02:20:34
150,2006-01-13,19:36:17
150,2006-01-14,02:20:33
153,2006-02-04,09:37:20
153,2006-01-16,01:37:33
160,2006-01-16,01:08:46
161,2006-01-24,21:18:17
162,2006-01-14,01:27:18
175,2016-03-13,20:41:05
175,2016-03-13,20:41:11
175,2016-03-13,20:41:08
185,2006-01-16,01:40:04
199,2006-01-14,01:45:24
215,2006-01-23,18:20:10
216,2006-01-16,01:07:55
216,2009-06-12,06:21:58
216,2009-06-12,06:22:06
222,2006-01-13,19:47:24
223,2016-03-13,04:41:06
223,2016-03-13,04:41:26
223,2016-03-13,04:41:24
223,2016-03-13,04:41:13
223,2016-03-13,04:41:20
223,2006-01-24,21:18:00
224,2006-01-24,21:18:36
224,2006-01-24,21:18:36
230,2006-01-24,21:18:26
232,2006-01-14,01:10:27
235,2006-01-13,19:47:31
237,2006-01-24,21:18:48
237,2006-01-24,21:18:48
237,2006-01-24,21:18:48
246,2006-01-20,19:19:40
247,2006-01-13,19:47:46
248,2007-08-08,16:05:45
248,2007-08-08,16:05:45
249,2006-01-13,19:47:52
252,2006-01-16,01:13:41
257,2006-01-16,01:39:15
260,2015-09-25,16:48:18
260,2015-09-25,16:48:30
260,2015-08-10,00:13:14
260,2015-08-10,00:13:08
260,2015-05-18,13:05:12
260,2015-05-18,13:05:37
260,2015-09-18,00:21:22
260,2015-09-18,00:21:13
260,2015-09-18,00:21:06
260,2015-07-03,16:55:30
260,2015-07-03,16:55:20
260,2015-07-02,17:09:00
260,2015-07-02,17:09:15
260,2015-07-02,17:09:10
260,2018-03-01,10:11:41
260,2018-03-01,10:11:18
260,2018-03-01,10:11:48
260,2015-08-16,18:49:16
260,2015-08-16,18:49:21
260,2016-03-13,20:26:12
260,2016-03-13,20:26:06
260,2016-03-13,20:26:10
260,2016-03-13,20:26:15
260,2006-01-14,02:41:34
260,2006-01-14,02:41:36
260,2006-01-14,02:41:44
261,2006-01-13,19:48:08
262,2006-01-14,02:36:43
262,2006-01-14,02:36:43
262,2006-01-14,02:36:43
272,2006-01-24,21:19:26
272,2006-01-24,21:19:26
273,2009-03-22,16:24:24
277,2006-01-16,01:13:47
279,2006-01-14,01:29:19
280,2006-01-16,01:39:45
282,2006-01-16,01:39:54
282,2006-01-16,01:39:54
288,2016-03-13,05:16:24
288,2016-03-13,05:16:35
288,2016-03-13,05:16:20
288,2016-03-13,05:16:31
288,2016-03-13,05:16:38
288,2016-03-13,05:16:29
290,2006-01-14,01:25:07
293,2007-09-02,23:08:04
293,2007-09-02,23:08:07
293,2006-01-24,21:20:19
293,2017-06-26,05:49:02
293,2017-06-26,05:48:26
293,2017-06-26,05:49:52
293,2017-06-26,05:49:44
293,2017-06-26,05:49:27
293,2017-06-26,05:49:15
293,2017-06-26,05:49:01
293,2017-06-26,05:49:04
293,2017-06-26,05:49:09
293,2017-06-26,05:49:10
293,2017-06-26,05:48:59
293,2017-06-26,05:48:50
293,2017-06-26,05:48:48
293,2017-06-26,05:49:39
293,2017-06-26,05:49:25
293,2017-06-26,05:48:33
293,2017-06-26,05:49:37
293,2017-06-26,05:49:35
293,2017-06-26,05:48:41
293,2017-06-26,05:49:48
293,2017-06-26,05:49:46
293,2017-06-26,05:48:52
293,2017-06-26,05:48:57
293,2017-06-26,05:48:46
293,2017-06-26,05:49:12
293,2017-06-26,05:49:41
293,2017-06-26,05:49:19
293,2017-06-26,05:48:55
293,2017-06-26,05:49:42
293,2017-06-26,05:49:50
293,2017-06-26,05:49:07
293,2017-06-26,05:49:17
296,2015-05-18,13:09:15
296,2015-05-18,13:09:15
296,2015-05-18,13:09:15
296,2016-03-13,04:49:06
296,2016-03-13,04:49:10
296,2016-03-13,04:49:01
296,2016-03-13,04:49:17
296,2006-01-14,02:16:41
296,2017-06-26,05:55:37
296,2017-06-26,05:54:35
296,2017-06-26,05:52:36
296,2017-06-26,05:55:35
296,2017-06-26,05:55:33
296,2017-06-26,05:57:58
296,2017-06-26,05:54:33
296,2017-06-26,05:55:31
296,2017-06-26,05:53:02
296,2017-06-26,05:52:56
296,2017-06-26,05:55:59
296,2017-06-26,05:54:31
296,2017-06-26,05:54:29
296,2017-06-26,05:57:56
296,2017-06-26,05:57:55
296,2017-06-26,05:55:29
296,2017-06-26,05:57:53
296,2017-06-26,05:57:51
296,2017-06-26,05:52:30
296,2017-06-26,05:54:41
296,2017-06-26,05:57:50
296,2017-06-26,05:54:08
296,2017-06-26,05:54:27
296,2017-06-26,05:53:51
296,2017-06-26,05:52:32
296,2017-06-26,05:55:43
296,2017-06-26,05:57:49
296,2017-06-26,05:55:27
296,2017-06-26,05:54:26
296,2017-06-26,05:52:40
296,2017-06-26,05:57:47
296,2017-06-26,05:57:46
296,2017-06-26,05:52:58
296,2017-06-26,05:55:24
296,2017-06-26,05:53:25
296,2017-06-26,05:57:44
296,2017-06-26,05:52:33
296,2017-06-26,05:57:43
296,2017-06-26,05:53:11
296,2017-06-26,05:55:22
296,2017-06-26,05:52:25
296,2017-06-26,05:57:41
296,2017-06-26,05:54:24
296,2017-06-26,05:53:24
296,2017-06-26,05:52:19
296,2017-06-26,05:53:05
296,2017-06-26,05:53:15
296,2017-06-26,05:57:40
296,2017-06-26,05:57:38
296,2017-06-26,05:54:04
296,2017-06-26,05:55:21
296,2017-06-26,05:56:01
296,2017-06-26,05:57:36
296,2017-06-26,05:52:28
296,2017-06-26,05:57:35
296,2017-06-26,05:53:39
296,2017-06-26,05:55:19
296,2017-06-26,05:53:49
296,2017-06-26,05:55:17
296,2017-06-26,05:53:47
296,2017-06-26,05:53:56
296,2017-06-26,05:55:15
296,2017-06-26,05:57:33
296,2017-06-26,05:57:02
296,2017-06-26,05:58:06
296,2017-06-26,05:53:41
296,2017-06-26,05:53:03
296,2017-06-26,05:53:09
296,2017-06-26,05:53:26
296,2017-06-26,05:56:29
296,2017-06-26,05:55:13
296,2017-06-26,05:52:52
296,2017-06-26,05:53:16
296,2017-06-26,05:55:11
296,2017-06-26,05:55:09
296,2017-06-26,05:53:22
296,2017-06-26,05:53:00
296,2017-06-26,05:53:46
296,2017-06-26,05:54:10
296,2017-06-26,05:58:04
296,2017-06-26,05:54:43
296,2017-06-26,05:53:20
296,2017-06-26,05:53:32
296,2017-06-26,05:55:05
296,2017-06-26,05:56:02
296,2017-06-26,05:56:04
296,2017-06-26,05:54:48
296,2017-06-26,05:53:08
296,2017-06-26,05:54:50
296,2017-06-26,05:56:05
296,2017-06-26,05:54:22
296,2017-06-26,05:53:31
296,2017-06-26,05:55:41
296,2017-06-26,05:54:20
296,2017-06-26,05:56:07
296,2017-06-26,05:54:51
296,2017-06-26,05:54:18
296,2017-06-26,05:52:54
296,2017-06-26,05:54:54
296,2017-06-26,05:56:09
296,2017-06-26,05:53:34
296,2017-06-26,05:52:51
296,2017-06-26,05:56:11
296,2017-06-26,05:56:12
296,2017-06-26,05:56:14
296,2017-06-26,05:56:15
296,2017-06-26,05:56:17
296,2017-06-26,05:54:57
296,2017-06-26,05:54:58
296,2017-06-26,05:52:23
296,2017-06-26,05:54:46
296,2017-06-26,05:53:28
296,2017-06-26,05:52:47
296,2017-06-26,05:56:18
296,2017-06-26,05:52:21
296,2017-06-26,05:54:17
296,2017-06-26,05:56:20
296,2017-06-26,05:56:21
296,2017-06-26,05:53:13
296,2017-06-26,05:56:23
296,2017-06-26,05:56:25
296,2017-06-26,05:52:43
296,2017-06-26,05:54:39
296,2017-06-26,05:54:15
296,2017-06-26,05:56:26
296,2017-06-26,05:58:10
296,2017-06-26,05:56:31
296,2017-06-26,05:55:00
296,2017-06-26,05:54:38
296,2017-06-26,05:56:33
296,2017-06-26,05:54:44
296,2017-06-26,05:52:18
296,2017-06-26,05:52:44
296,2017-06-26,05:54:06
296,2017-06-26,05:55:02
296,2017-06-26,05:56:35
296,2017-06-26,05:56:37
296,2017-06-26,05:56:39
296,2017-06-26,05:56:41
296,2017-06-26,05:54:12
296,2017-06-26,05:56:43
296,2017-06-26,05:53:44
296,2017-06-26,05:55:03
296,2017-06-26,05:53:37
296,2017-06-26,05:54:02
296,2017-06-26,05:58:02
296,2017-06-26,05:56:50
296,2017-06-26,05:52:22
296,2017-06-26,05:56:52
296,2017-06-26,05:56:54
296,2017-06-26,05:56:55
296,2017-06-26,05:56:57
296,2017-06-26,05:56:58
296,2017-06-26,05:53:59
296,2017-06-26,05:57:00
296,2017-06-26,05:58:14
296,2017-06-26,05:52:55
296,2017-06-26,05:53:18
296,2017-06-26,05:52:34
296,2017-06-26,05:58:00
296,2017-06-26,05:52:38
296,2017-06-26,05:57:18
296,2017-06-26,05:53:35
296,2017-06-26,05:55:39
296,2017-06-26,05:57:19
296,2017-06-26,05:52:50
296,2017-06-26,05:57:21
296,2017-06-26,05:54:36
296,2017-06-26,05:57:22
296,2017-06-26,05:53:54
296,2017-06-26,05:52:27
296,2017-06-26,05:52:46
296,2017-06-26,05:53:57
300,2006-01-14,02:39:36
307,2006-01-14,01:44:47
308,2006-01-14,02:47:07
308,2018-05-02,19:03:18
316,2006-01-24,21:21:13
317,2006-01-16,01:14:07
318,2006-01-14,02:17:40
318,2006-01-13,19:39:31
318,2006-01-14,02:17:44
318,2009-06-09,16:47:56
326,2006-01-14,01:23:17
329,2006-01-14,02:41:31
337,2006-01-14,02:47:08
338,2006-01-16,01:41:02
339,2006-01-24,21:23:01
342,2006-01-24,21:19:53
342,2006-01-24,21:19:53
345,2006-01-23,18:19:41
345,2006-01-23,18:19:41
345,2006-01-23,18:19:41
349,2006-01-13,19:36:01
350,2006-01-16,01:38:02
351,2006-01-16,01:13:28
356,2006-01-16,01:38:39
356,2006-01-16,01:38:39
356,2015-02-24,04:57:46
356,2015-02-24,04:57:46
356,2015-02-24,04:57:46
356,2018-05-02,18:59:05
356,2018-05-02,18:58:57
356,2018-05-02,18:59:01
356,2018-05-02,18:58:59
357,2006-01-16,01:38:47
361,2006-01-24,21:19:11
363,2006-01-14,01:28:43
363,2006-01-14,01:28:43
364,2016-04-22,19:04:58
364,2016-04-22,19:05:08
364,2016-04-22,19:05:19
364,2016-03-13,05:04:57
364,2006-01-13,19:35:59
371,2006-01-16,01:40:29
377,2006-01-14,02:41:16
380,2006-01-14,02:47:06
381,2006-01-16,01:30:43
410,2018-05-06,19:56:47
410,2018-05-06,19:58:05
410,2018-05-06,19:57:02
410,2018-05-06,19:56:50
410,2018-05-06,19:58:28
410,2018-05-06,19:56:49
412,2006-01-13,19:47:13
413,2007-08-08,16:00:56
421,2006-01-23,18:20:15
425,2006-01-23,18:20:34
425,2006-01-23,18:20:34
431,2016-05-01,21:39:25
431,2016-05-01,21:39:09
431,2016-05-01,21:39:15
440,2006-01-13,22:28:49
454,2006-01-13,19:47:38
457,2006-01-20,19:18:37
471,2006-01-16,01:39:07
474,2006-01-24,21:19:03
475,2006-01-13,19:47:57
477,2006-01-24,21:22:56
480,2006-01-14,01:42:01
488,2006-01-16,01:39:30
488,2006-01-16,01:39:30
497,2006-01-13,19:39:03
500,2006-01-16,01:29:19
500,2006-01-16,01:29:21
500,2006-01-16,01:29:27
508,2006-01-16,01:40:34
513,2006-01-24,21:20:37
513,2006-01-24,21:20:37
515,2006-01-14,01:36:39
515,2006-01-14,01:36:39
516,2006-01-16,01:17:30
522,2006-01-24,21:21:00
522,2006-01-24,21:21:00
522,2006-01-24,21:21:00
524,2006-01-16,01:30:02
527,2006-03-27,02:01:35
527,2016-03-13,20:30:41
527,2006-01-13,19:36:10
527,2015-02-17,03:01:12
527,2015-02-17,03:01:52
527,2015-02-17,03:01:53
527,2015-02-17,03:01:50
529,2006-01-13,19:48:25
531,2006-01-14,01:24:56
534,2006-01-13,19:39:23
535,2006-01-14,02:41:11
538,2006-01-24,21:21:05
539,2006-01-14,01:44:01
540,2007-08-08,16:01:37
541,2016-03-13,20:28:38
541,2006-01-16,01:37:44
541,2010-01-06,16:36:04
541,2010-01-06,16:36:09
541,2010-01-06,16:36:08
541,2010-01-06,16:36:10
541,2010-01-06,16:36:12
541,2010-01-06,16:36:18
541,2010-01-06,16:36:16
541,2018-05-02,18:43:10
541,2018-05-02,18:43:08
541,2018-05-02,18:43:03
541,2018-05-02,18:43:06
543,2006-01-14,01:44:17
551,2006-01-16,01:40:15
551,2006-01-16,01:40:15
552,2006-02-04,09:37:05
556,2006-01-16,01:41:06
562,2006-01-14,02:47:07
586,2006-01-16,01:16:22
587,2006-01-13,19:35:51
588,2006-01-13,19:36:11
589,2016-03-13,04:54:14
589,2016-03-13,04:54:01
589,2016-03-13,04:54:21
589,2016-03-13,04:54:07
589,2016-03-13,04:54:24
589,2016-03-13,04:54:03
589,2006-01-14,02:41:57
589,2008-01-24,09:21:14
590,2006-01-13,19:36:16
590,2006-01-13,19:36:16
592,2006-01-14,02:36:04
593,2006-01-13,19:36:22
593,2009-05-04,00:19:19
593,2009-05-04,00:19:51
593,2009-05-04,00:19:38
593,2009-05-04,00:19:27
593,2009-05-04,00:19:49
594,2006-01-16,01:40:48
595,2006-01-13,19:36:03
596,2006-01-16,01:17:04
597,2006-01-14,02:38:44
608,2016-03-13,20:28:02
608,2016-03-13,20:27:50
608,2016-03-13,20:27:57
608,2016-03-13,20:27:45
608,2006-01-13,19:36:08
616,2006-01-23,18:20:01
628,2016-03-13,04:36:14
628,2016-03-13,04:36:16
628,2016-03-13,04:36:22
628,2016-03-13,04:36:20
628,2016-03-13,04:36:11
628,2006-01-16,01:44:44
638,2006-01-16,01:43:18
647,2006-01-16,01:41:58
648,2006-01-24,21:19:44
668,2006-01-24,21:20:07
670,2006-01-13,19:42:00
671,2006-01-24,21:19:57
673,2006-01-16,01:12:58
707,2007-08-08,16:01:42
708,2006-01-14,01:45:07
720,2006-01-14,02:47:08
728,2006-01-14,01:28:16
733,2006-01-14,02:40:18
733,2009-05-10,07:00:58
733,2009-05-10,07:00:53
736,2006-01-13,19:36:00
745,2006-01-14,02:47:07
748,2006-01-24,21:23:40
750,2013-04-23,00:14:04
750,2006-01-14,01:41:28
750,2009-05-16,17:29:19
750,2009-05-16,17:29:13
750,2009-05-16,17:29:11
750,2006-10-04,16:47:36
750,2006-10-04,16:47:36
750,2018-05-02,19:02:07
750,2018-05-02,19:02:04
750,2018-05-02,19:02:09
778,2010-02-17,12:11:50
778,2010-02-17,12:11:47
778,2010-02-17,12:11:43
778,2006-01-13,22:31:30
780,2006-01-14,02:36:21
800,2006-01-14,01:26:14
805,2006-01-16,01:46:09
818,2006-01-16,01:46:36
830,2006-01-16,01:15:23
832,2006-01-16,01:17:22
832,2010-03-29,03:17:16
832,2010-03-29,03:17:13
832,2010-03-29,03:17:09
836,2007-08-08,16:02:24
838,2006-01-16,01:42:28
852,2006-01-16,01:17:42
858,2006-01-13,19:35:55
892,2006-01-16,01:46:28
898,2006-01-14,02:38:42
899,2006-01-13,19:48:33
900,2006-01-24,21:23:29
902,2006-01-24,21:24:09
903,2006-01-14,02:20:55
903,2009-05-17,16:18:45
903,2009-05-17,16:18:55
903,2009-05-17,16:18:37
903,2009-05-17,16:18:32
904,2006-01-14,02:39:40
904,2009-05-17,16:17:57
904,2009-05-17,16:17:36
904,2009-05-17,16:17:44
904,2009-05-17,16:17:48
904,2009-05-17,16:17:50
905,2006-01-14,01:34:59
906,2006-01-13,22:27:11
907,2006-01-16,01:43:00
908,2006-01-24,21:26:08
908,2009-05-17,16:18:17
908,2009-05-17,16:18:20
909,2006-01-14,02:36:02
910,2006-01-13,22:31:21
911,2006-01-26,20:19:40
912,2006-01-14,01:31:59
913,2006-01-14,02:37:09
914,2006-01-14,01:42:53
915,2006-01-14,02:40:49
916,2006-01-14,02:40:29
916,2006-01-14,02:40:29
918,2006-01-24,21:25:49
919,2006-01-14,02:21:10
919,2006-01-14,02:21:10
920,2006-01-16,01:15:45
921,2006-01-16,01:44:17
922,2006-01-14,02:56:46
922,2009-06-15,01:41:38
922,2009-06-15,01:41:29
923,2006-01-14,01:41:08
924,2006-01-15,23:33:55
924,2006-01-15,23:33:55
924,2017-06-26,05:59:43
924,2017-06-26,06:00:22
924,2017-06-26,05:59:46
924,2017-06-26,05:59:12
924,2017-06-26,05:59:17
924,2017-06-26,05:59:26
924,2017-06-26,05:59:34
924,2017-06-26,05:59:53
924,2017-06-26,05:59:39
924,2017-06-26,05:59:31
924,2017-06-26,06:00:11
924,2017-06-26,05:59:30
924,2017-06-26,05:59:36
924,2017-06-26,06:00:04
924,2017-06-26,05:59:22
924,2017-06-26,05:59:28
924,2017-06-26,05:59:33
924,2017-06-26,06:00:02
924,2017-06-26,05:59:51
924,2017-06-26,06:00:13
924,2017-06-26,05:59:19
924,2017-06-26,05:59:58
924,2017-06-26,05:59:54
924,2017-06-26,05:59:41
924,2017-06-26,05:59:11
924,2017-06-26,05:59:56
924,2017-06-26,05:59:25
924,2017-06-26,06:00:06
924,2017-06-26,05:59:45
924,2017-06-26,05:59:16
924,2017-06-26,05:59:50
924,2017-06-26,05:59:48
924,2017-06-26,05:59:14
924,2017-06-26,06:00:25
924,2017-06-26,05:59:23
924,2017-06-26,06:00:27
924,2017-06-26,06:00:14
924,2017-06-26,05:59:59
924,2017-06-26,05:59:20
926,2006-01-14,01:40:21
927,2006-01-15,23:35:40
928,2006-01-14,01:36:30
929,2006-02-20,13:24:47
929,2006-02-20,13:24:47
929,2006-02-20,13:24:47
930,2006-01-14,02:50:35
931,2006-01-24,21:26:39
934,2006-01-16,01:42:47
936,2006-01-17,18:07:08
936,2006-01-17,18:07:08
938,2006-01-16,01:28:57
940,2006-01-24,21:23:18
941,2006-01-24,21:25:43
943,2006-01-26,20:21:18
944,2006-01-14,02:50:08
945,2006-01-13,19:41:41
947,2006-01-17,18:04:56
947,2006-01-17,18:04:56
947,2006-01-17,18:05:03
948,2006-01-14,02:48:58
950,2006-01-14,01:09:54
951,2006-01-14,01:41:46
952,2006-01-16,01:41:25
953,2006-01-24,21:25:27
954,2006-01-14,01:42:36
955,2006-01-15,23:34:12
955,2006-01-15,23:34:12
956,2006-01-14,02:50:58
965,2006-01-14,02:47:41
968,2006-01-13,19:49:47
969,2006-01-14,01:30:49
970,2006-01-26,20:19:30
971,2006-01-24,21:24:30
973,2006-01-26,20:22:36
976,2006-01-16,01:42:42
986,2006-01-13,19:49:15
991,2006-01-16,01:43:41
994,2006-01-24,21:23:52
1006,2006-01-24,21:24:40
1006,2006-01-24,21:24:40
1010,2006-01-16,01:43:29
1010,2006-01-16,01:43:29
1013,2006-01-16,01:44:24
1022,2006-01-13,19:49:09
1025,2006-01-16,01:45:59
1025,2006-01-16,01:45:59
1028,2006-01-16,01:43:35
1028,2006-01-16,01:43:35
1029,2006-01-16,01:42:21
1030,2006-01-16,01:16:59
1032,2006-01-16,01:14:33
1033,2006-01-14,01:41:40
1035,2006-01-13,19:39:39
1041,2006-01-14,01:17:43
1042,2006-01-14,01:44:30
1059,2012-09-26,02:40:35
1059,2012-09-26,02:40:33
1059,2012-09-26,02:41:04
1059,2012-09-26,02:40:43
1059,2006-01-13,19:41:53
1066,2006-01-13,19:50:30
1068,2006-01-26,20:20:51
1076,2006-01-17,18:09:54
1079,2006-01-14,01:41:35
1080,2006-01-16,01:44:01
1080,2006-01-16,01:44:01
1080,2006-01-16,01:44:01
1081,2006-01-24,21:26:53
1082,2006-01-24,21:24:21
1084,2006-01-24,21:24:04
1084,2006-01-24,21:24:04
1088,2006-01-26,20:20:56
1088,2006-01-26,20:20:56
1089,2016-03-13,04:52:19
1089,2016-03-13,04:52:22
1089,2016-03-13,04:52:09
1089,2016-03-13,04:52:17
1089,2006-01-14,02:51:40
1089,2006-01-14,02:51:40
1089,2009-05-16,17:28:03
1089,2009-05-16,17:27:59
1089,2009-05-16,17:27:54
1089,2009-05-16,17:28:16
1089,2009-05-16,17:28:07
1090,2006-01-24,21:26:30
1093,2006-01-16,01:42:16
1093,2006-01-16,01:42:16
1093,2006-01-16,01:42:16
1096,2006-01-16,01:30:15
1097,2006-01-17,18:06:44
1101,2006-03-27,02:00:46
1101,2006-01-24,21:26:44
1103,2006-01-14,02:51:28
1103,2006-01-14,02:51:28
1104,2006-01-14,02:52:26
1120,2016-03-13,05:05:58
1124,2006-01-14,02:50:41
1125,2006-01-16,01:44:58
1135,2006-01-16,01:17:13
1136,2016-03-13,20:38:18
1136,2016-03-13,20:38:16
1136,2006-01-14,01:42:29
1136,2006-01-14,01:42:29
1147,2006-01-14,01:11:33
1147,2006-01-14,01:11:33
1148,2006-01-15,23:35:33
1171,2006-01-13,19:48:58
1177,2006-01-13,22:27:08
1178,2006-01-17,18:06:09
1178,2006-01-17,18:06:09
1179,2006-01-26,20:21:23
1183,2006-01-16,01:15:03
1185,2006-01-14,01:10:55
1187,2006-01-14,02:50:53
1188,2006-01-14,01:37:29
1188,2006-01-14,01:37:29
1189,2006-01-14,01:12:13
1189,2006-01-14,01:12:13
1193,2016-03-13,04:34:48
1193,2016-03-13,04:34:44
1193,2006-01-24,21:26:25
1196,2006-01-14,01:37:19
1196,2006-01-14,02:17:57
1196,2006-01-14,02:17:55
1196,2010-01-06,16:36:46
1196,2010-01-06,16:36:33
1196,2010-01-06,16:36:32
1196,2010-01-06,16:36:55
1196,2010-01-06,16:36:48
1196,2010-01-06,16:36:37
1196,2010-01-06,16:36:40
1197,2006-01-14,01:43:19
1197,2006-01-14,01:43:19
1198,2016-03-13,20:32:09
1198,2016-03-13,20:37:44
1198,2016-03-13,20:32:12
1198,2016-03-13,20:37:46
1198,2016-03-13,20:37:51
1198,2006-01-20,19:14:56
1198,2006-01-14,02:51:06
1198,2006-01-14,02:51:04
1200,2016-03-13,20:34:18
1200,2016-03-13,20:34:12
1200,2016-03-13,20:34:25
1200,2016-03-13,20:34:05
1200,2016-03-13,20:34:21
1200,2016-03-13,20:34:34
1200,2016-03-13,20:34:29
1200,2016-03-13,20:34:16
1200,2006-01-24,21:23:21
1201,2006-01-24,21:25:12
1203,2006-01-14,02:47:25
1203,2018-05-02,17:54:12
1203,2018-05-02,17:53:30
1203,2018-05-02,17:54:18
1203,2018-05-02,17:53:25
1203,2018-05-02,17:53:32
1203,2018-05-02,17:53:56
1203,2018-05-02,17:53:51
1203,2018-05-02,17:53:27
1204,2006-01-14,02:49:57
1206,2006-01-24,21:24:49
1207,2006-01-13,22:32:22
1207,2006-01-13,22:32:22
1208,2006-01-24,21:23:36
1209,2006-01-24,21:26:16
1210,2006-01-14,02:52:07
1210,2006-01-14,02:52:07
1210,2006-01-14,02:52:07
1212,2006-01-14,01:11:07
1212,2006-03-30,01:51:40
1212,2006-03-30,01:51:40
1213,2006-01-24,21:25:20
1214,2006-01-20,14:10:34
1217,2006-01-14,02:51:17
1219,2016-03-13,20:54:15
1219,2016-03-13,20:54:19
1219,2016-03-13,20:54:12
1219,2016-03-13,20:54:21
1219,2006-01-14,01:43:48
1219,2009-05-17,16:19:13
1219,2009-05-17,16:19:33
1219,2009-05-17,16:19:21
1219,2009-05-17,16:19:25
1220,2006-01-16,01:41:45
1221,2016-04-26,19:35:06
1221,2016-04-26,19:35:03
1221,2006-01-13,19:37:46
1222,2006-01-13,19:49:21
1222,2009-05-16,17:28:45
1223,2006-01-14,02:21:01
1224,2006-01-13,19:49:38
1225,2006-01-13,19:40:47
1225,2006-01-13,19:40:47
1228,2006-01-16,01:44:51
1230,2006-01-14,02:47:52
1231,2006-01-13,19:50:02
1231,2006-01-14,02:51:44
1233,2006-01-24,21:23:55
1234,2006-01-17,18:03:18
1235,2006-01-14,02:49:21
1237,2006-01-16,01:30:08
1237,2006-01-16,01:30:08
1237,2018-05-02,18:42:06
1237,2018-05-02,18:42:16
1237,2018-05-02,18:42:03
1237,2018-05-02,18:42:24
1237,2018-05-02,18:42:18
1240,2016-03-13,20:35:08
1240,2016-03-13,20:35:13
1240,2016-03-13,20:35:05
1240,2016-03-13,20:35:02
1240,2016-03-13,20:35:22
1240,2016-03-13,20:35:19
1240,2016-03-13,20:35:00
1240,2006-01-15,23:34:48
1242,2006-01-13,19:41:12
1243,2006-01-13,19:50:15
1244,2006-01-26,20:21:44
1245,2006-01-16,01:43:52
1246,2006-02-04,09:52:48
1246,2006-01-13,22:28:54
1247,2006-01-13,19:38:04
1249,2006-01-24,21:24:59
1250,2006-01-14,02:48:11
1252,2006-01-17,18:04:40
1253,2006-01-14,02:48:30
1254,2006-01-14,01:44:54
1257,2006-01-16,01:41:38
1258,2016-03-13,04:29:04
1258,2016-03-13,04:29:07
1258,2016-03-13,04:29:12
1258,2016-03-13,04:29:00
1258,2016-03-13,04:29:14
1258,2016-03-13,04:29:02
1258,2016-03-13,04:28:58
1258,2016-03-13,04:29:21
1258,2006-01-13,19:50:24
1259,2006-01-13,19:50:38
1260,2006-01-14,02:50:17
1260,2018-05-02,18:27:29
1260,2018-05-02,18:27:41
1260,2018-05-02,18:27:47
1260,2018-05-02,18:27:45
1260,2018-05-02,18:27:34
1260,2018-05-02,18:27:50
1262,2006-01-14,02:49:11
1263,2006-01-16,01:42:04
1266,2006-01-23,15:54:26
1267,2006-01-14,02:50:27
1267,2006-01-14,02:50:27
1269,2006-01-24,21:23:48
1270,2006-01-14,01:40:32
1272,2006-01-13,19:49:55
1274,2009-06-12,06:25:31
1274,2009-06-12,06:25:29
1274,2009-06-12,06:25:44
1276,2006-01-17,18:02:10
1277,2006-01-14,01:24:19
1278,2006-01-23,15:54:35
1280,2006-01-14,01:11:27
1281,2006-01-14,02:49:04
1282,2006-01-16,01:42:32
1283,2006-01-26,20:21:35
1284,2006-01-26,20:19:34
1285,2006-01-15,23:34:22
1288,2009-02-16,13:14:28
1288,2006-01-15,23:35:05
1288,2006-01-15,23:35:05
1288,2006-01-15,23:35:05
1291,2006-01-14,02:49:42
1291,2006-01-14,02:49:42
1292,2006-01-14,02:47:58
1293,2006-01-13,22:33:07
1296,2006-01-13,22:34:39
1299,2006-01-24,21:25:33
1299,2006-01-24,21:25:33
1301,2006-01-26,20:21:10
1301,2006-01-26,20:21:10
1302,2006-01-24,21:25:03
1303,2006-01-23,15:55:36
1304,2006-01-24,21:24:14
1307,2006-01-14,01:38:06
1333,2006-01-14,01:40:41
1343,2016-03-13,05:17:37
1343,2016-03-13,05:17:24
1343,2016-03-13,05:17:32
1343,2016-03-13,05:17:34
1343,2006-01-13,19:41:01
1344,2006-01-14,01:40:56
1345,2006-01-20,19:17:29
1345,2006-01-20,19:17:29
1345,2006-01-20,19:17:29
1348,2006-01-16,01:29:32
1350,2006-01-15,23:38:09
1353,2006-01-14,01:42:18
1354,2006-01-14,01:40:50
1356,2006-01-14,01:37:13
1357,2007-04-16,23:16:33
1358,2006-01-14,01:44:10
1361,2006-01-14,01:10:59
1363,2006-01-16,01:29:46
1366,2006-01-13,22:32:52
1367,2006-01-16,01:14:23
1367,2006-01-16,01:14:23
1372,2006-01-14,01:44:24
1374,2006-01-23,15:57:50
1376,2006-01-15,23:38:40
1377,2006-01-16,01:14:49
1380,2006-01-15,23:37:05
1381,2006-01-16,01:15:54
1387,2006-01-14,01:41:53
1389,2006-01-16,01:12:06
1393,2006-01-14,02:24:49
1394,2006-01-13,19:43:35
1396,2006-01-23,15:57:33
1398,2006-01-16,01:29:09
1407,2006-01-23,15:56:54
1407,2006-01-23,15:56:54
1408,2006-01-15,23:37:44
1408,2006-01-15,23:37:44
1411,2006-01-13,22:33:17
1413,2006-01-14,02:27:23
1416,2006-01-16,01:15:17
1423,2006-01-14,01:28:05
1423,2006-01-14,01:28:05
1441,2006-01-16,01:41:34
1441,2007-08-08,16:00:56
1446,2006-01-14,01:24:14
1449,2006-01-15,23:38:49
1466,2006-01-13,22:32:57
1474,2006-01-16,01:16:31
1485,2006-01-16,01:43:22
1496,2006-01-13,22:32:40
1500,2006-01-15,23:37:21
1500,2006-01-15,23:37:21
1513,2006-01-16,01:45:29
1537,2006-01-15,23:38:28
1542,2006-01-14,01:27:28
1544,2006-01-16,01:09:41
1545,2006-01-23,15:56:47
1569,2014-12-28,22:23:33
1569,2014-12-28,22:23:39
1569,2006-01-23,15:56:15
1573,2006-01-14,02:24:12
1580,2006-01-14,02:25:19
1586,2006-01-16,01:15:38
1608,2006-01-16,01:41:21
1610,2006-01-13,22:33:27
1617,2006-01-13,22:27:22
1625,2016-03-13,05:00:52
1625,2016-03-13,05:00:49
1625,2016-03-13,05:00:55
1625,2016-03-13,05:00:47
1625,2016-03-13,05:00:58
1625,2016-03-13,05:00:44
1625,2006-01-23,15:55:17
1625,2015-02-17,02:55:01
1635,2006-01-13,22:33:32
1643,2006-01-16,01:44:09
1643,2006-01-16,01:44:09
1645,2006-01-16,01:14:55
1650,2006-01-23,15:58:03
1653,2006-01-14,02:24:20
1653,2018-05-02,18:51:56
1653,2018-05-02,18:51:58
1663,2006-01-16,01:45:49
1672,2006-01-14,01:29:14
1674,2006-01-17,18:04:01
1680,2006-01-23,15:57:26
1682,2006-01-14,02:26:57
1683,2006-01-13,19:44:05
1704,2016-03-13,04:56:11
1704,2018-05-02,18:55:26
1704,2018-05-02,18:55:23
1711,2006-01-16,01:16:47
1717,2006-01-23,15:57:13
1717,2006-01-23,15:57:04
1717,2006-01-23,15:57:04
1719,2006-02-13,13:49:33
1719,2006-02-13,13:49:33
1721,2006-01-23,15:57:59
1721,2015-02-17,02:58:42
1726,2016-09-21,18:41:57
1726,2016-09-21,18:42:00
1732,2006-01-26,20:17:41
1732,2017-06-26,05:51:01
1732,2017-06-26,05:51:11
1732,2017-06-26,05:51:44
1732,2017-06-26,05:50:56
1732,2017-06-26,05:51:08
1732,2017-06-26,05:51:32
1732,2017-06-26,05:51:20
1732,2017-06-26,05:51:00
1732,2017-06-26,05:50:58
1732,2017-06-26,05:51:43
1732,2017-06-26,05:51:26
1732,2017-06-26,05:51:31
1732,2017-06-26,05:51:04
1732,2017-06-26,05:51:23
1732,2017-06-26,05:51:36
1732,2017-06-26,05:51:41
1732,2017-06-26,05:51:09
1732,2017-06-26,05:51:18
1732,2017-06-26,05:51:34
1732,2017-06-26,05:51:39
1732,2017-06-26,05:51:21
1732,2017-06-26,05:51:28
1732,2017-06-26,05:51:13
1732,2017-06-26,05:51:15
1732,2017-06-26,05:51:03
1732,2017-06-26,05:51:48
1732,2017-06-26,05:51:46
1732,2017-06-26,05:51:25
1732,2017-06-26,05:51:06
1732,2017-06-26,05:51:16
1732,2017-06-26,05:51:37
1735,2006-01-16,01:16:03
1748,2006-01-23,15:54:59
1777,2006-01-14,02:27:10
1779,2007-08-08,16:01:34
1797,2006-01-14,01:26:11
1801,2007-08-08,16:01:57
1810,2006-01-16,01:29:54
1834,2006-01-23,15:57:41
1836,2006-01-13,19:10:44
1893,2006-01-14,01:11:45
1900,2006-01-14,01:24:49
1902,2006-01-23,15:55:06
1909,2006-01-14,02:27:47
1912,2006-01-23,15:56:35
1913,2006-01-13,22:34:14
1916,2018-05-02,17:42:13
1916,2018-05-02,17:42:41
1916,2018-05-02,17:42:15
1916,2018-05-02,17:42:10
1916,2018-05-02,17:42:52
1917,2006-01-16,01:11:02
1921,2016-03-13,20:55:16
1921,2016-03-13,20:54:37
1921,2016-03-13,20:55:18
1921,2016-03-13,20:55:21
1921,2006-01-23,15:56:37
1921,2018-05-02,18:55:02
1921,2018-05-02,18:54:33
1921,2018-05-02,18:54:46
1921,2018-05-02,18:54:49
1921,2018-05-02,18:54:35
1921,2018-05-02,18:54:31
1921,2018-05-02,18:54:53
1921,2018-05-02,18:54:55
1921,2018-05-02,18:54:37
1921,2018-05-02,18:54:41
1921,2018-05-02,18:54:45
1921,2018-05-02,18:54:43
1923,2009-02-16,13:09:15
1923,2016-03-13,05:21:43
1923,2016-03-13,05:21:46
1923,2016-03-13,05:21:51
1931,2006-01-23,15:56:11
1938,2006-01-20,14:10:11
1940,2006-01-15,23:36:59
1940,2006-01-15,23:36:59
1942,2006-01-14,01:10:47
1942,2006-01-14,01:10:47
1942,2006-01-14,01:10:47
1945,2006-01-13,22:34:04
1945,2006-01-13,22:34:04
1947,2006-01-14,01:37:54
1948,2007-04-25,14:50:49
1950,2006-01-17,18:02:22
1951,2006-01-13,22:33:54
1952,2006-01-23,15:55:55
1953,2006-01-15,23:36:39
1953,2006-01-15,23:36:39
1954,2006-01-13,22:34:31
1954,2006-01-13,22:34:31
1955,2006-01-13,19:43:17
1957,2006-01-13,19:37:49
1957,2006-01-13,19:37:49
1959,2006-01-23,15:58:43
1959,2006-01-23,15:58:43
1960,2006-01-15,23:37:26
1961,2006-01-13,22:34:23
1962,2006-01-15,23:36:26
1975,2006-01-16,01:15:29
1976,2006-01-16,01:06:51
1977,2006-01-16,01:11:48
1978,2006-01-16,01:06:45
1979,2006-01-16,01:07:05
1983,2006-01-16,01:16:15
1984,2006-01-16,01:16:20
1994,2006-01-23,15:56:44
1995,2006-01-16,01:17:08
1996,2006-01-16,01:10:25
1997,2006-01-15,23:36:31
2006,2006-01-23,15:55:45
2006,2006-01-23,15:55:45
2011,2006-01-16,01:14:44
2019,2006-01-15,23:38:32
2020,2006-01-15,23:36:16
2022,2006-01-14,01:27:55
2022,2006-03-30,01:51:09
2023,2018-05-06,19:58:48
2023,2018-05-06,19:59:28
2023,2018-05-06,19:59:12
2023,2018-05-06,19:59:12
2023,2018-05-06,19:58:53
2028,2006-01-13,19:35:52
2054,2006-01-23,16:00:13
2058,2006-01-23,16:01:56
2059,2006-01-16,01:16:54
2064,2006-01-23,16:02:36
2064,2006-01-23,16:02:36
2065,2006-01-14,01:27:37
2066,2006-01-23,16:02:13
2070,2006-01-13,22:37:01
2071,2006-01-14,01:00:42
2071,2006-01-14,01:00:42
2076,2006-01-16,13:40:51
2076,2006-01-16,13:40:51
2078,2006-01-23,16:00:23
2080,2006-01-23,16:01:26
2085,2006-01-13,22:36:21
2097,2006-01-29,18:30:51
2097,2006-01-29,18:30:51
2100,2006-01-13,22:36:48
2108,2006-01-23,16:01:21
2114,2006-01-13,22:36:29
2115,2006-01-20,19:15:19
2116,2006-01-16,01:20:27
2116,2007-08-08,16:02:24
2118,2006-01-13,22:35:28
2121,2006-01-16,01:19:15
2122,2006-01-16,01:08:16
2124,2018-05-06,20:00:47
2124,2018-05-06,20:01:07
2124,2018-05-06,20:00:59
2124,2018-05-06,20:00:55
2124,2018-05-06,20:00:49
2124,2018-05-06,20:00:46
2138,2018-05-02,17:56:00
2138,2018-05-02,17:55:52
2139,2006-01-17,18:06:24
2145,2006-01-23,16:02:28
2145,2006-01-23,16:02:28
2146,2008-12-13,04:36:35
2160,2016-03-13,04:28:20
2160,2016-03-13,04:28:37
2160,2016-03-13,04:28:18
2160,2016-03-13,04:28:15
2160,2016-03-13,04:28:28
2160,2006-01-23,16:02:39
2167,2006-01-16,01:18:40
2171,2006-01-14,01:36:13
2171,2006-01-14,01:36:13
2171,2006-01-14,01:36:13
2186,2006-01-14,02:26:44
2187,2006-02-20,20:30:28
2194,2006-01-23,16:03:38
2194,2006-01-23,16:03:38
2202,2006-01-14,02:25:13
2203,2006-01-23,16:02:53
2206,2006-01-14,02:26:50
2208,2006-01-14,20:40:42
2243,2006-01-14,02:23:00
2247,2006-01-16,01:20:32
2248,2006-01-14,01:36:53
2248,2006-01-14,01:36:53
2249,2006-01-16,01:20:45
2268,2006-01-13,22:36:01
2268,2006-01-13,22:36:01
2291,2006-01-14,02:23:57
2295,2006-01-14,01:34:21
2296,2016-03-13,05:25:04
2300,2006-01-14,02:26:02
2302,2006-01-16,01:20:39
2310,2006-01-23,16:01:35
2312,2006-01-16,01:28:39
2313,2006-01-14,02:24:02
2324,2006-01-13,19:38:39
2324,2018-05-02,18:29:49
2324,2018-05-02,18:29:51
2324,2018-05-02,18:29:55
2324,2018-05-02,18:30:00
2324,2018-05-02,18:29:53
2324,2018-05-02,18:29:57
2324,2018-05-02,18:29:47
2329,2016-03-13,04:35:29
2329,2006-01-23,15:59:11
2329,2015-02-17,02:50:49
2329,2015-02-17,02:50:59
2329,2015-02-17,02:51:01
2334,2006-01-23,16:02:58
2335,2006-01-16,01:22:40
2336,2006-01-13,22:35:37
2351,2006-01-14,01:28:51
2355,2006-01-13,22:35:11
2357,2006-01-14,02:23:09
2360,2006-01-14,01:17:44
2387,2016-09-20,14:37:05
2387,2016-09-20,14:37:03
2390,2006-01-14,01:26:59
2391,2006-01-23,16:03:05
2393,2009-05-14,05:21:13
2393,2009-05-14,05:21:03
2393,2009-05-14,05:21:04
2394,2006-01-13,22:28:05
2394,2006-01-14,01:36:22
2396,2006-01-13,22:36:40
2410,2006-01-16,01:21:25
2411,2006-01-16,01:10:40
2412,2006-01-16,01:12:44
2420,2006-01-23,16:00:51
2421,2006-01-16,01:20:06
2422,2006-01-16,01:20:11
2423,2006-01-16,01:11:23
2424,2006-01-14,01:38:37
2424,2006-01-14,01:38:37
2431,2006-01-16,01:10:12
2431,2007-08-08,16:01:42
2442,2006-01-14,01:25:03
2463,2006-01-16,01:21:37
2467,2006-02-23,14:02:24
2470,2006-01-16,01:19:08
2471,2006-01-16,01:08:51
2491,2006-01-16,01:21:54
2494,2006-01-13,19:10:26
2494,2006-01-13,19:10:26
2502,2006-01-23,16:02:03
2502,2006-01-23,16:02:09
2505,2016-03-13,20:49:40
2506,2006-01-16,01:21:00
2517,2006-01-16,01:08:25
2529,2006-01-23,16:02:20
2550,2006-01-23,16:00:08
2553,2006-01-23,17:54:53
2554,2006-01-23,17:54:52
2565,2006-01-13,22:27:18
2571,2016-03-13,04:21:52
2571,2016-03-13,04:21:39
2571,2006-01-14,02:16:31
2571,2015-02-17,02:44:58
2571,2015-02-17,02:45:01
2572,2006-01-16,01:28:13
2579,2018-09-16,10:38:27
2579,2018-09-16,10:38:46
2579,2018-09-16,10:38:43
2579,2018-09-16,10:39:35
2579,2018-09-16,10:38:38
2579,2018-09-16,10:38:29
2579,2006-01-23,16:00:56
2581,2006-01-23,16:02:02
2583,2006-01-23,15:59:48
2598,2006-01-16,01:21:10
2600,2006-01-23,15:59:56
2612,2006-01-23,16:01:52
2616,2009-02-16,12:58:18
2628,2006-01-23,16:03:17
2628,2006-01-23,16:03:17
2640,2006-01-23,16:03:20
2641,2006-01-23,16:03:21
2642,2006-01-16,01:13:06
2648,2006-01-14,01:09:26
2660,2006-01-17,18:06:34
2662,2007-08-08,16:02:42
2664,2006-01-23,16:00:17
2677,2006-01-14,01:27:03
2692,2006-01-23,16:02:46
2693,2006-01-23,16:03:27
2694,2009-06-12,06:23:08
2699,2006-01-16,01:07:30
2700,2016-03-13,04:46:30
2700,2016-03-13,04:46:39
2700,2016-03-13,04:46:37
2700,2016-03-13,04:46:42
2700,2016-03-13,04:46:33
2700,2016-03-13,04:46:32
2700,2016-03-13,04:46:47
2700,2016-03-13,04:46:52
2706,2009-06-11,08:00:16
2706,2009-06-11,08:00:21
2706,2009-06-11,08:00:11
2706,2009-06-11,08:00:23
2706,2009-06-11,08:00:27
2706,2009-06-11,08:00:07
2706,2009-06-11,08:00:24
2706,2009-06-11,08:00:02
2710,2006-01-23,15:59:36
2710,2006-01-23,15:59:36
2712,2006-01-23,16:00:03
2716,2006-01-14,02:24:24
2717,2006-01-16,01:07:13
2719,2006-01-16,01:11:56
2723,2006-01-14,02:25:33
2726,2006-01-14,02:25:07
2728,2006-01-17,18:01:45
2728,2006-01-17,18:01:36
2728,2006-01-17,18:01:36
2731,2018-05-02,18:29:21
2731,2018-05-02,18:29:28
2731,2018-05-02,18:29:30
2731,2018-05-02,18:29:23
2731,2018-05-02,18:29:13
2745,2006-01-14,01:35:41
2745,2006-01-13,22:27:46
2750,2006-01-16,20:27:35
2750,2006-01-16,20:27:35
2761,2006-01-23,16:00:19
2761,2009-06-12,06:24:32
2762,2012-09-26,02:35:02
2762,2012-09-26,02:35:19
2762,2012-09-26,02:35:04
2762,2012-09-26,02:35:08
2762,2012-09-26,02:35:10
2762,2012-09-26,02:35:15
2762,2012-09-26,02:35:13
2762,2006-01-14,02:17:48
2762,2006-01-14,01:37:07
2787,2006-01-16,01:19:02
2791,2006-01-23,15:59:01
2791,2006-01-23,15:59:01
2797,2006-01-23,16:04:25
2801,2006-01-14,02:25:41
2803,2006-01-16,01:29:42
2804,2006-01-13,22:35:20
2827,2006-01-16,01:18:27
2863,2006-01-23,16:05:52
2871,2006-01-23,16:04:53
2872,2006-01-13,22:35:45
2872,2006-01-13,22:35:45
2905,2006-01-14,01:26:07
2915,2006-01-16,01:21:18
2918,2006-01-13,22:35:53
2919,2006-01-15,23:31:56
2919,2006-01-15,23:31:56
2919,2006-01-15,23:31:56
2927,2006-01-23,16:04:32
2935,2006-01-23,16:06:13
2937,2006-01-14,02:25:50
2939,2006-01-14,01:29:00
2940,2006-01-23,16:05:41
2941,2006-01-23,16:07:37
2943,2006-02-01,14:30:53
2951,2007-08-08,16:01:41
2952,2006-01-13,22:38:34
2953,2018-05-06,20:01:23
2953,2018-05-06,20:01:25
2953,2018-05-06,20:01:30
2953,2018-05-06,20:01:27
2959,2016-03-13,04:19:57
2959,2016-03-13,04:20:02
2959,2016-03-13,04:19:46
2959,2016-03-13,04:19:37
2959,2013-04-23,00:14:48
2959,2006-01-14,02:17:14
2959,2017-06-26,06:02:10
2959,2017-06-26,06:01:46
2959,2017-06-26,06:01:56
2959,2017-06-26,06:01:33
2959,2017-06-26,06:02:43
2959,2017-06-26,06:02:29
2959,2017-06-26,06:02:05
2959,2017-06-26,06:02:40
2959,2017-06-26,06:02:03
2959,2017-06-26,06:02:45
2959,2017-06-26,06:02:15
2959,2017-06-26,06:02:08
2959,2017-06-26,06:01:31
2959,2017-06-26,06:02:06
2959,2017-06-26,06:01:48
2959,2017-06-26,06:02:38
2959,2017-06-26,06:01:36
2959,2017-06-26,06:02:17
2959,2017-06-26,06:02:31
2959,2017-06-26,06:02:19
2959,2017-06-26,06:02:25
2959,2017-06-26,06:02:21
2959,2017-06-26,06:01:43
2959,2017-06-26,06:02:35
2959,2017-06-26,06:01:52
2959,2017-06-26,06:02:14
2959,2017-06-26,06:02:42
2959,2017-06-26,06:02:28
2959,2017-06-26,06:01:51
2959,2017-06-26,06:01:38
2959,2017-06-26,06:02:34
2959,2017-06-26,06:02:01
2959,2017-06-26,06:01:49
2959,2017-06-26,06:02:33
2959,2017-06-26,06:01:30
2959,2017-06-26,06:01:58
2959,2017-06-26,06:02:00
2959,2017-06-26,06:02:47
2959,2017-06-26,06:01:34
2959,2017-06-26,06:02:26
2959,2017-06-26,06:02:12
2959,2017-06-26,06:01:40
2959,2017-06-26,06:02:46
2959,2017-06-26,06:01:41
2959,2017-06-26,06:02:23
2959,2017-06-26,06:01:28
2959,2017-06-26,06:01:44
2959,2017-06-26,06:01:54
2966,2006-01-23,16:08:27
2966,2006-01-23,16:08:27
2967,2006-01-23,17:55:12
2968,2006-01-23,16:08:40
2987,2006-01-23,16:09:04
3000,2006-01-23,16:06:58
3000,2009-05-04,00:20:38
3000,2009-05-04,00:20:34
3000,2009-05-04,00:20:27
3000,2009-05-04,00:20:20
3000,2009-05-04,00:20:22
3006,2006-01-23,16:06:01
3006,2006-01-23,16:06:01
3007,2006-01-14,01:25:30
3011,2006-01-13,22:39:27
3028,2006-01-16,01:22:24
3030,2006-01-23,16:09:13
3039,2006-01-23,16:08:52
3039,2012-01-15,06:20:24
3040,2006-01-16,01:09:49
3044,2006-01-14,01:32:37
3044,2006-01-14,01:32:37
3052,2016-09-23,00:54:32
3052,2016-09-23,00:53:24
3052,2016-09-23,00:53:20
3052,2016-09-23,00:53:17
3052,2006-01-13,22:37:39
3060,2006-01-14,01:24:52
3071,2006-01-16,01:30:23
3072,2006-01-13,22:27:54
3077,2006-01-14,01:19:02
3077,2006-01-14,01:19:03
3081,2006-01-16,01:22:15
3087,2006-01-14,20:40:26
3087,2006-01-14,20:40:22
3095,2006-01-14,02:24:35
3095,2006-01-14,02:24:35
3097,2006-01-23,16:07:15
3098,2006-01-14,01:24:35
3098,2006-01-14,01:24:35
3101,2006-01-23,16:05:12
3108,2006-01-16,01:28:45
3111,2006-01-23,16:06:25
3114,2018-05-06,20:01:43
3114,2018-05-06,20:01:42
3114,2018-05-06,20:01:53
3114,2018-05-06,20:01:57
3114,2018-05-06,20:01:41
3114,2018-05-06,20:01:50
3114,2018-05-06,20:02:05
3114,2006-01-23,16:08:49
3115,2006-01-13,22:38:03
3125,2006-01-13,22:37:54
3134,2018-05-02,19:00:34
3134,2018-05-02,19:00:36
3135,2006-01-23,16:05:46
3147,2006-01-13,22:38:21
3152,2006-01-17,18:07:25
3160,2006-01-14,01:35:27
3174,2006-01-13,22:39:03
3175,2006-01-23,16:05:15
3176,2016-03-13,04:57:22
3176,2016-03-13,04:57:13
3176,2016-03-13,04:57:09
3176,2016-03-13,04:57:06
3176,2016-03-13,04:57:18
3176,2016-03-13,04:57:16
3176,2016-03-13,04:57:03
3176,2016-03-13,04:57:25
3176,2016-03-13,04:57:11
3176,2016-03-13,04:57:21
3176,2006-01-14,01:37:39
3176,2006-01-14,01:37:39
3178,2006-01-16,01:19:49
3181,2006-01-13,19:09:12
3186,2016-03-13,05:13:25
3186,2016-03-13,05:13:22
3186,2016-03-13,05:13:29
3186,2016-03-13,05:13:32
3186,2016-03-13,05:13:14
3186,2016-03-13,05:13:18
3192,2006-01-14,01:17:44
3210,2006-01-16,01:19:41
3211,2006-01-13,22:37:34
3211,2006-01-13,22:37:34
3247,2006-01-16,01:22:06
3250,2006-01-14,01:29:23
3258,2006-01-16,01:31:35
3259,2006-01-16,01:31:56
3260,2006-01-13,19:42:48
3263,2006-01-16,01:22:46
3265,2017-05-03,20:39:44
3265,2017-05-03,20:39:38
3266,2018-05-02,17:43:24
3266,2018-05-02,17:43:22
3266,2018-05-02,17:43:19
3266,2018-05-02,17:43:15
3266,2018-05-02,17:43:28
3266,2018-05-02,17:43:32
3270,2006-01-16,01:31:24
3273,2006-01-23,16:07:08
3273,2006-01-23,16:07:08
3281,2006-01-16,01:18:50
3306,2006-01-14,02:23:19
3306,2006-01-14,02:23:19
3307,2006-01-14,02:23:32
3310,2006-01-23,16:06:06
3317,2006-01-23,16:09:08
3330,2006-01-23,16:07:49
3330,2006-01-23,16:08:18
3338,2006-01-14,01:21:20
3341,2006-01-23,16:04:46
3360,2006-01-20,19:19:58
3384,2006-01-23,16:08:32
3385,2006-01-16,01:22:33
3386,2006-01-13,22:38:54
3386,2006-01-13,22:38:54
3408,2006-01-23,16:05:04
3408,2006-01-23,16:05:04
3420,2006-01-16,01:30:55
3421,2006-01-16,01:23:01
3421,2006-01-16,01:23:07
3424,2006-01-13,22:37:45
3424,2018-05-02,18:01:36
3429,2006-02-22,16:42:49
3435,2006-01-17,18:01:17
3447,2006-01-13,22:38:15
3451,2006-01-13,19:42:41
3451,2006-01-14,02:24:39
3451,2006-01-14,02:24:41
3451,2006-01-14,02:24:37
3456,2006-01-14,01:17:43
3461,2006-01-23,16:06:17
3462,2006-01-14,02:25:26
3468,2006-01-17,18:03:25
3469,2006-01-16,01:32:51
3469,2006-01-16,01:32:51
3469,2006-01-16,01:32:51
3475,2006-01-23,16:06:53
3481,2009-02-16,12:44:17
3481,2006-01-13,19:38:13
3489,2006-01-13,22:38:40
3498,2006-01-14,01:25:00
3499,2016-03-13,05:18:01
3499,2016-03-13,05:18:07
3499,2016-03-13,05:18:15
3499,2016-03-13,05:18:11
3499,2016-03-13,05:17:59
3499,2016-03-13,05:18:03
3499,2016-03-13,05:18:05
3502,2006-01-16,01:33:36
3504,2006-01-13,22:39:10
3507,2006-01-14,01:00:53
3512,2006-01-14,02:26:12
3515,2006-01-23,16:11:51
3526,2006-01-23,16:12:04
3527,2016-03-13,20:34:43
3527,2016-03-13,20:34:45
3527,2016-03-13,20:34:48
3527,2010-07-09,13:58:38
3527,2010-03-29,03:16:32
3527,2010-03-29,03:16:45
3527,2010-07-09,13:58:32
3527,2010-03-29,03:16:33
3527,2010-03-29,03:16:37
3527,2010-03-29,03:16:49
3527,2010-03-29,03:16:52
3528,2006-01-16,01:25:51
3536,2006-01-13,19:42:56
3536,2006-01-13,19:42:56
3546,2006-01-23,16:14:46
3548,2006-01-14,02:22:11
3549,2006-01-13,22:27:15
3552,2006-01-16,01:23:50
3556,2006-11-10,08:40:16
3556,2006-01-23,16:14:31
3556,2006-01-23,16:14:31
3559,2006-01-14,01:26:55
3566,2006-01-14,02:22:22
3566,2006-01-14,02:22:22
3578,2018-06-04,22:48:24
3578,2018-06-04,22:47:49
3578,2018-06-04,22:47:47
3578,2018-06-04,22:48:18
3578,2018-06-04,22:48:16
3578,2018-06-04,22:47:43
3578,2018-06-04,22:47:45
3578,2007-03-06,20:29:04
3608,2006-01-23,16:12:12
3629,2006-01-23,16:11:00
3671,2018-05-02,17:46:55
3671,2018-05-02,17:47:07
3671,2018-05-02,17:47:05
3675,2006-01-14,02:27:16
3676,2006-01-14,01:29:27
3676,2018-05-02,17:40:58
3676,2018-05-02,17:40:43
3676,2018-05-02,17:40:42
3676,2018-05-02,17:40:31
3676,2018-05-02,17:41:00
3676,2018-05-02,17:40:40
3676,2018-05-02,17:40:45
3676,2018-05-02,17:40:38
3676,2018-05-02,17:41:06
3676,2018-05-02,17:41:03
3676,2018-05-02,17:40:48
3676,2018-05-02,17:40:56
3676,2018-05-02,17:41:08
3676,2018-05-02,17:40:54
3676,2018-05-02,17:40:28
3676,2018-05-02,17:40:51
3683,2006-01-17,18:05:24
3712,2006-01-16,01:35:17
3723,2006-01-13,22:38:28
3724,2006-01-14,01:25:54
3730,2006-01-23,16:09:58
3735,2006-01-23,16:13:14
3793,2018-09-16,10:39:41
3793,2018-09-16,10:39:19
3793,2018-09-16,10:39:30
3793,2018-09-16,10:39:26
3793,2018-09-16,10:39:14
3793,2006-01-14,02:27:50
3801,2006-01-13,22:37:21
3811,2006-01-23,16:09:44
3816,2006-01-23,16:12:00
3844,2006-01-16,01:35:48
3849,2006-01-23,16:13:40
3859,2006-01-14,01:19:14
3859,2006-01-14,01:19:14
3877,2006-01-16,01:26:31
3897,2009-02-16,12:56:19
3897,2006-01-14,02:22:02
3897,2006-01-14,02:22:02
3897,2006-01-14,02:22:02
3910,2006-01-23,16:10:13
3910,2006-01-23,16:10:13
3911,2016-03-13,04:42:56
3911,2006-01-13,19:42:23
3932,2006-01-23,16:11:09
3948,2016-03-13,05:21:28
3948,2016-03-13,05:21:24
3949,2006-01-13,22:41:33
3949,2015-02-17,02:52:27
3949,2015-02-17,02:52:31
3951,2006-01-13,19:15:32
3967,2006-01-13,22:39:49
3983,2006-01-14,02:28:03
3988,2006-01-16,01:09:16
3994,2006-01-14,02:26:59
3994,2009-05-04,00:18:21
3994,2009-05-04,00:18:00
3994,2009-05-04,00:18:33
3994,2009-05-04,00:18:28
3994,2009-05-04,00:18:13
3994,2018-05-02,18:24:58
3994,2018-05-02,18:25:03
3996,2006-01-23,16:10:06
3996,2006-01-23,16:10:00
4007,2006-01-23,16:14:38
4012,2006-01-16,01:26:07
4015,2007-08-08,16:03:59
4019,2006-01-23,16:10:30
4024,2006-01-16,01:32:24
4025,2006-01-16,01:25:19
4027,2006-01-17,18:02:39
4029,2006-01-14,02:26:29
4034,2016-05-10,22:35:21
4034,2006-01-20,19:18:49
4046,2006-01-23,16:10:35
4077,2006-01-23,17:57:29
4105,2006-01-16,01:24:32
4113,2006-01-13,22:40:25
4117,2006-01-14,01:08:39
4138,2006-01-16,01:09:54
4144,2018-05-02,17:52:04
4144,2018-05-02,17:52:46
4144,2018-05-02,17:52:43
4144,2018-05-02,17:52:37
4144,2018-05-02,17:52:09
4144,2018-05-02,17:52:20
4144,2018-05-02,17:52:15
4144,2018-05-02,17:52:07
4144,2018-05-02,17:52:52
4144,2018-05-02,17:52:22
4144,2018-05-02,17:52:06
4144,2018-05-02,17:52:11
4144,2018-05-02,17:52:13
4144,2018-05-02,17:52:17
4144,2018-05-02,17:52:48
4144,2018-05-02,17:52:40
4144,2018-05-02,17:52:24
4144,2018-05-02,17:52:30
4160,2006-01-14,02:27:31
4164,2006-01-23,16:09:49
4164,2006-01-23,16:09:49
4166,2006-01-16,01:26:17
4171,2006-01-13,22:40:41
4174,2006-01-14,01:08:02
4184,2006-01-23,16:09:37
4189,2006-01-16,01:32:01
4189,2006-01-16,01:32:01
4190,2006-01-17,18:01:59
4190,2006-01-17,18:01:59
4191,2006-01-23,16:09:33
4194,2006-01-14,01:19:35
4204,2006-01-16,01:09:30
4210,2006-02-04,13:31:22
4210,2006-02-04,13:31:27
4211,2006-01-13,22:41:43
4214,2006-01-16,01:26:11
4218,2006-01-14,01:28:13
4221,2006-01-16,01:25:25
4223,2018-06-03,11:21:09
4223,2018-06-03,11:20:54
4223,2018-06-03,11:21:13
4223,2018-06-03,11:20:52
4223,2018-06-03,11:21:17
4226,2018-09-16,10:40:53
4226,2018-09-16,10:41:04
4226,2018-09-16,10:40:45
4226,2018-09-16,10:40:48
4226,2018-09-16,10:40:47
4226,2016-03-13,04:23:03
4226,2016-03-13,04:22:59
4226,2016-03-13,04:22:57
4226,2006-01-13,22:27:43
4226,2009-10-20,15:04:32
4226,2009-10-20,15:04:39
4226,2018-05-02,17:35:41
4226,2018-05-02,17:35:45
4232,2006-01-23,16:13:44
4246,2006-01-14,02:22:54
4259,2006-01-13,22:40:47
4262,2016-03-13,20:29:25
4263,2006-01-23,16:10:22
4292,2006-01-13,22:41:22
4296,2006-01-16,01:25:04
4306,2006-01-14,02:26:26
4312,2006-01-14,01:29:33
4316,2006-01-16,01:32:37
4326,2006-01-16,01:33:24
4326,2006-01-16,01:33:24
4333,2006-01-23,16:13:52
4343,2007-08-08,16:04:39
4343,2007-08-08,16:04:39
4347,2006-01-23,16:10:26
4356,2006-01-14,01:23:14
4359,2006-01-23,16:13:20
4361,2006-01-23,16:13:58
4370,2012-09-26,03:04:02
4370,2012-09-26,03:03:58
4370,2012-09-26,03:03:48
4370,2012-09-26,03:03:55
4370,2006-01-14,02:21:46
4380,2006-01-23,16:12:50
4396,2006-01-16,01:08:04
4404,2006-01-14,01:02:17
4446,2007-08-08,16:01:26
4447,2006-01-23,16:11:14
4448,2006-01-23,16:12:53
4448,2007-08-08,16:04:08
4454,2009-06-15,01:43:13
4454,2009-06-15,01:43:07
4454,2009-06-15,01:43:10
4454,2009-06-15,01:42:55
4454,2009-06-15,01:42:58
4454,2009-06-15,01:43:16
4454,2009-06-15,01:43:05
4465,2006-01-23,16:09:25
4476,2006-01-16,01:23:42
4477,2006-01-16,01:07:49
4489,2006-01-20,14:11:06
4489,2006-01-16,01:23:56
4495,2006-01-14,01:32:22
4526,2006-01-16,01:12:28
4537,2006-01-14,02:26:16
4545,2006-01-16,01:26:21
4546,2006-01-23,16:14:15
4546,2006-01-23,16:14:15
4552,2018-05-02,18:31:18
4552,2018-05-02,18:31:14
4552,2018-05-02,18:31:20
4552,2018-05-02,18:31:15
4552,2018-05-02,18:31:05
4552,2018-05-02,18:31:12
4558,2006-01-16,01:26:38
4571,2006-01-14,02:22:28
4600,2006-01-16,01:32:04
4612,2014-11-15,21:21:52
4621,2006-01-16,01:24:59
4623,2006-01-16,01:25:12
4638,2006-01-16,01:24:52
4639,2006-01-16,01:31:11
4639,2006-01-16,01:31:11
4641,2006-01-23,16:10:52
4677,2006-01-16,01:13:11
4678,2006-01-23,16:14:02
4688,2006-01-14,01:12:06
4708,2014-11-15,21:21:30
4725,2009-09-13,05:36:03
4725,2009-09-13,05:36:10
4725,2009-09-13,05:36:08
4725,2009-09-13,05:36:20
4787,2006-01-23,16:11:27
4801,2006-01-23,16:11:18
4808,2006-01-16,01:26:45
4809,2006-01-15,23:30:24
4809,2006-01-15,23:30:24
4812,2006-01-16,01:26:26
4812,2006-01-16,01:26:26
4816,2016-03-13,05:29:20
4816,2016-03-13,05:29:30
4816,2016-03-13,05:29:12
4816,2016-03-13,05:29:09
4816,2016-03-13,05:29:16
4816,2016-03-13,05:29:19
4823,2006-01-23,16:13:11
4835,2006-01-13,22:40:03
4857,2006-01-23,17:59:30
4857,2006-01-13,22:40:17
4874,2006-01-16,01:33:06
4874,2006-01-16,01:33:06
4878,2015-07-02,17:12:30
4878,2015-07-02,17:12:11
4878,2015-07-02,17:12:19
4878,2015-07-02,17:12:24
4878,2015-07-02,17:12:27
4878,2015-07-02,17:12:08
4878,2015-07-02,17:12:15
4878,2016-03-13,20:45:10
4878,2006-01-14,02:29:41
4878,2009-05-16,17:21:02
4878,2009-05-16,17:21:26
4878,2009-05-16,17:21:23
4878,2009-05-16,17:21:09
4878,2009-05-16,17:21:18
4878,2009-05-16,17:21:36
4878,2009-05-16,17:21:02
4878,2018-05-02,17:36:21
4878,2018-05-02,17:36:33
4878,2018-05-02,17:36:17
4878,2018-05-02,17:36:38
4878,2018-05-02,17:36:30
4878,2018-05-02,17:36:19
4878,2018-05-02,17:36:42
4878,2018-05-02,17:36:23
4878,2018-05-02,17:36:35
4878,2018-05-02,17:36:28
4878,2018-05-02,17:36:11
4878,2018-05-02,17:36:13
4878,2018-05-02,17:36:25
4881,2006-01-13,22:40:55
4896,2016-07-03,17:29:04
4896,2018-09-16,10:42:56
4896,2018-09-16,10:42:24
4896,2018-09-16,10:42:30
4896,2018-09-16,10:42:10
4896,2006-01-14,02:31:33
4896,2006-01-14,02:31:33
4902,2006-01-15,23:30:52
4920,2006-01-23,18:01:59
4963,2006-01-23,18:02:02
4969,2006-01-13,19:12:43
4970,2006-01-23,17:58:37
4970,2006-01-23,17:58:37
4973,2006-01-14,01:31:29
4979,2006-01-14,20:40:20
4980,2006-01-23,17:58:29
4993,2016-03-13,20:32:36
4993,2016-03-13,20:32:42
4993,2016-03-13,20:32:38
4993,2016-03-13,20:32:54
4993,2016-03-13,20:32:45
4993,2016-03-13,20:32:48
4993,2006-01-13,19:38:45
4995,2016-05-28,09:46:23
4998,2006-02-05,01:23:02
5008,2006-01-23,18:03:50
5008,2006-01-23,18:03:50
5012,2006-01-23,18:04:23
5012,2006-01-23,18:04:23
5015,2006-01-23,18:01:11
5034,2006-01-13,22:28:18
5064,2006-01-23,17:59:23
5064,2006-01-23,17:59:23
5064,2007-08-08,16:03:56
5088,2016-09-23,00:56:47
5114,2006-01-23,17:58:03
5120,2006-01-14,01:07:51
5135,2006-01-13,22:41:00
5139,2006-01-16,01:07:33
5213,2006-01-16,01:12:38
5224,2006-01-14,01:17:44
5238,2006-01-14,01:27:32
5254,2007-08-08,16:05:25
5254,2007-08-08,16:05:25
5266,2006-01-23,18:02:25
5291,2016-03-13,05:02:11
5291,2016-03-13,05:02:18
5291,2006-01-14,01:08:27
5291,2006-03-13,20:42:10
5294,2006-01-23,17:59:37
5304,2006-01-14,01:09:21
5316,2006-01-16,01:31:51
5349,2006-01-14,02:34:28
5353,2006-01-20,19:17:01
5377,2006-01-13,19:37:53
5379,2006-01-14,02:28:52
5379,2006-01-14,02:28:52
5388,2018-06-29,22:20:09
5388,2018-06-29,22:22:39
5388,2018-06-29,22:22:32
5388,2018-06-29,22:20:11
5388,2018-09-16,10:44:40
5388,2018-09-16,10:44:48
5388,2018-09-16,10:44:45
5398,2006-01-23,18:03:30
5404,2006-01-23,17:57:55
5445,2006-01-14,02:33:27
5446,2006-01-13,19:46:13
5450,2006-01-23,18:00:55
5450,2006-01-23,18:00:55
5451,2006-01-16,01:34:47
5451,2006-01-16,01:34:47
5459,2010-01-06,16:33:40
5459,2010-01-06,16:33:52
5459,2010-01-06,16:34:13
5464,2012-09-26,02:39:34
5464,2012-09-26,02:39:39
5470,2006-01-13,19:45:30
5475,2006-01-14,01:26:18
5483,2006-01-13,19:45:38
5498,2006-01-13,19:16:21
5502,2006-01-14,02:34:25
5505,2006-01-14,02:30:54
5505,2006-01-14,02:30:54
5527,2006-01-23,18:02:52
5527,2006-01-23,18:02:52
5528,2006-01-23,18:02:15
5528,2006-01-23,18:02:15
5548,2006-01-16,01:24:05
5577,2006-01-23,18:00:26
5601,2006-01-23,18:04:12
5603,2006-01-23,18:00:41
5603,2006-01-23,18:00:41
5618,2006-01-14,02:34:36
5629,2006-01-16,01:24:43
5630,2006-02-04,13:31:24
5633,2006-01-23,18:00:02
5644,2006-01-23,18:03:01
5644,2006-01-23,18:03:01
5669,2006-01-23,17:58:53
5673,2006-01-14,02:33:53
5673,2018-05-02,17:37:28
5673,2018-05-02,17:37:15
5673,2018-05-02,17:37:07
5673,2018-05-02,17:37:30
5673,2018-05-02,17:37:09
5673,2018-05-02,17:37:26
5673,2018-05-02,17:37:34
5673,2018-05-02,17:37:32
5673,2018-05-02,17:37:11
5673,2018-05-02,17:36:56
5673,2018-05-02,17:37:17
5673,2018-05-02,17:37:23
5682,2006-01-23,17:59:49
5685,2006-01-14,02:34:08
5690,2006-01-14,02:31:06
5690,2006-01-14,02:31:06
5690,2018-05-02,17:56:39
5690,2018-05-02,17:56:41
5690,2018-05-02,17:56:37
5690,2018-05-02,17:56:28
5690,2018-05-02,17:56:44
5690,2018-05-02,17:56:35
5690,2018-05-02,17:56:49
5694,2007-04-03,22:08:12
5721,2006-01-14,01:09:36
5721,2006-01-14,01:09:36
5747,2006-01-13,19:45:12
5791,2006-01-23,17:59:41
5792,2006-01-16,01:34:56
5802,2006-01-23,18:04:02
5812,2006-01-13,19:45:05
5816,2006-01-14,02:31:22
5816,2006-01-14,02:31:22
5820,2006-01-23,18:03:39
5875,2006-01-16,01:34:17
5876,2006-01-23,18:03:15
5878,2006-01-23,18:03:43
5899,2006-01-16,20:15:38
5952,2015-07-15,07:07:18
5952,2006-01-13,19:38:50
5954,2006-01-23,17:57:50
5954,2006-01-23,17:57:50
5971,2006-01-23,18:01:21
5989,2006-01-23,17:58:57
5989,2015-02-17,02:21:37
5989,2015-02-17,02:20:27
5989,2015-02-17,02:20:05
5989,2015-02-17,02:20:29
5989,2015-02-17,02:21:10
5989,2015-02-17,02:20:08
5989,2015-02-17,02:20:59
5991,2006-01-23,17:59:05
5991,2006-01-23,17:59:00
5991,2006-01-23,17:59:02
5994,2006-01-23,18:01:26
5995,2016-02-17,18:57:52
5995,2016-02-17,18:57:59
5995,2006-01-13,19:46:02
6002,2006-01-26,20:26:08
6002,2006-01-26,20:26:08
6002,2006-01-26,20:26:08
6003,2006-01-26,20:24:18
6016,2016-03-13,20:29:59
6016,2016-03-13,20:30:05
6016,2006-01-23,17:59:17
6016,2006-01-23,17:59:17
6016,2006-01-23,17:59:17
6016,2007-08-08,16:00:53
6020,2006-01-26,20:23:44
6027,2006-01-14,01:07:28
6031,2006-01-23,18:00:34
6031,2006-01-23,18:00:34
6041,2006-01-14,01:08:08
6058,2018-05-05,21:17:33
6058,2018-05-05,21:17:31
6063,2006-01-16,01:33:14
6090,2006-01-26,20:25:31
6101,2006-01-22,03:36:15
6101,2006-01-22,03:36:15
6101,2006-01-22,03:36:15
6104,2006-01-23,18:01:19
6107,2007-05-06,17:49:07
6156,2006-01-26,20:28:21
6157,2007-08-08,16:05:33
6157,2007-08-08,16:05:33
6159,2006-01-26,20:23:51
6163,2006-01-14,02:31:45
6170,2006-01-26,20:24:08
6178,2006-01-23,18:02:38
6178,2006-01-23,18:02:38
6178,2006-01-23,18:02:38
6181,2006-01-23,18:03:24
6181,2006-01-23,18:03:24
6183,2006-01-23,18:02:46
6183,2006-01-23,18:02:46
6188,2016-03-13,05:14:58
6188,2016-03-13,05:15:00
6195,2006-01-29,01:37:35
6195,2006-01-29,01:37:35
6197,2006-01-26,20:29:11
6201,2006-01-13,22:27:24
6214,2018-05-02,17:49:51
6214,2018-05-02,17:49:43
6216,2006-01-26,20:27:09
6218,2006-01-23,17:58:22
6228,2006-01-14,01:20:13
6232,2006-01-23,17:58:46
6232,2006-01-23,17:58:45
6235,2006-01-26,20:24:39
6235,2006-01-26,20:24:39
6238,2006-01-26,20:24:56
6242,2006-01-26,20:28:00
6244,2006-01-14,01:25:21
6245,2006-01-26,20:29:21
6254,2006-01-13,19:44:29
6268,2006-01-26,20:27:41
6269,2006-01-14,02:34:56
6273,2006-01-17,18:03:45
6281,2006-01-26,20:27:29
6283,2018-09-16,10:41:46
6283,2018-09-16,10:41:27
6283,2018-09-16,10:41:43
6286,2006-01-23,18:00:59
6288,2006-01-26,20:24:04
6289,2006-01-26,20:24:45
6290,2016-03-13,20:52:47
6291,2006-01-23,18:00:48
6291,2018-05-02,18:50:38
6291,2018-05-02,18:50:40
6291,2018-05-02,18:50:50
6296,2006-01-23,18:01:07
6297,2006-01-26,20:25:01
6299,2006-01-26,20:29:44
6305,2006-01-13,19:44:50
6308,2006-01-16,01:27:14
6323,2006-10-25,18:14:01
6327,2006-01-28,22:14:39
6327,2006-01-14,01:03:04
6331,2006-01-23,18:10:07
6333,2006-01-14,01:38:26
6333,2006-01-14,01:38:26
6333,2006-01-14,01:38:26
6333,2006-01-14,02:18:02
6333,2006-01-14,01:38:26
6334,2006-01-23,18:05:40
6337,2006-01-26,20:27:24
6339,2006-01-26,20:26:16
6341,2006-01-26,20:28:24
6350,2006-01-23,18:05:43
6367,2006-10-25,18:11:25
6367,2006-10-25,18:12:31
6367,2006-01-23,18:06:02
6368,2006-01-26,20:24:11
6373,2006-01-16,01:31:16
6373,2007-08-08,16:00:55
6375,2006-01-14,01:01:26
6375,2006-01-14,01:01:26
6377,2006-01-23,18:06:33
6377,2006-01-23,18:06:33
6377,2018-05-02,18:45:42
6378,2006-01-26,20:25:28
6380,2006-01-14,02:28:58
6385,2006-01-14,01:40:10
6390,2006-01-26,20:28:40
6400,2011-09-06,18:18:56
6400,2006-01-26,20:26:37
6407,2006-01-16,01:28:02
6407,2006-01-16,01:28:02
6422,2006-01-23,18:09:59
6440,2006-01-26,20:23:57
6452,2006-01-14,01:22:17
6454,2006-01-26,20:26:44
6466,2006-01-14,01:27:07
6502,2018-05-02,15:19:19
6502,2006-01-13,19:44:22
6515,2006-01-14,02:35:35
6516,2006-01-14,01:28:47
6534,2018-05-05,21:01:36
6534,2018-05-05,21:01:26
6534,2018-05-05,21:01:38
6534,2018-05-05,21:01:40
6535,2006-01-16,01:27:19
6536,2006-01-26,20:28:46
6539,2006-01-26,20:27:37
6541,2018-05-05,21:00:54
6541,2018-05-05,21:00:28
6541,2018-05-05,21:00:56
6541,2018-05-05,21:00:40
6541,2018-05-05,21:00:26
6541,2018-05-05,21:00:51
6545,2006-01-13,19:45:24
6547,2006-01-16,01:34:01
6552,2006-01-23,18:05:59
6564,2018-05-05,21:07:19
6564,2018-05-05,21:07:12
6564,2018-05-05,21:07:21
6565,2006-01-26,20:28:08
6579,2006-01-26,20:27:16
6591,2006-01-23,18:08:39
6592,2006-01-23,18:09:55
6603,2006-01-16,01:31:43
6609,2006-01-26,20:24:49
6620,2006-01-14,02:28:35
6636,2006-01-26,20:29:16
6639,2006-01-26,20:29:41
6650,2006-01-23,18:08:28
6650,2006-01-23,18:08:28
6650,2006-01-23,18:08:28
6660,2006-01-26,20:27:45
6662,2006-01-16,01:34:26
6667,2006-01-26,20:29:38
6668,2006-01-13,19:14:49
6669,2006-01-23,18:07:19
6669,2018-05-02,18:36:58
6669,2018-05-02,18:36:54
6669,2018-05-02,18:37:00
6669,2018-05-02,18:36:56
6708,2006-01-26,20:26:23
6708,2006-01-26,20:26:23
6710,2006-01-26,20:24:29
6711,2015-03-03,03:12:23
6711,2006-01-26,20:25:43
6713,2006-01-14,01:25:14
6724,2006-01-14,01:21:24
6732,2006-01-16,01:32:10
6744,2006-01-16,01:33:56
6753,2006-01-26,20:28:15
6768,2006-01-23,18:08:34
6770,2006-01-26,20:26:52
6770,2006-01-26,20:26:52
6773,2006-01-26,20:29:29
6776,2006-01-13,19:45:44
6785,2006-01-14,02:34:19
6786,2006-01-14,01:24:05
6787,2006-01-23,18:05:29
6787,2006-01-23,18:05:29
6787,2006-10-04,16:52:49
6788,2006-01-16,01:26:58
6791,2006-01-13,22:28:32
6807,2006-01-26,20:26:33
6810,2006-01-26,20:28:55
6818,2018-05-02,17:32:12
6818,2018-05-02,17:32:13
6818,2018-05-02,17:32:17
6818,2018-05-02,17:32:20
6818,2018-05-02,17:32:15
6820,2006-01-23,18:06:48
6832,2006-01-26,20:27:54
6849,2006-01-16,01:27:51
6852,2006-01-26,20:25:25
6852,2006-01-26,20:25:25
6852,2006-01-26,20:25:25
6852,2006-01-26,20:25:25
6852,2006-01-26,20:25:25
6856,2006-01-23,18:11:57
6863,2006-01-26,20:28:04
6867,2006-01-23,18:10:11
6870,2006-01-26,20:27:04
6870,2006-01-26,20:27:04
6874,2006-01-23,18:07:52
6874,2006-01-23,18:07:52
6881,2006-01-13,19:46:07
6890,2006-01-23,18:06:14
6890,2006-01-23,18:06:14
6909,2006-01-23,18:06:27
6912,2006-01-13,19:09:31
6918,2006-01-23,18:11:10
6932,2006-01-13,19:46:22
6936,2006-01-23,18:06:21
6938,2006-10-12,19:29:22
6938,2006-10-12,19:29:22
6944,2006-01-16,01:27:04
6944,2006-01-16,01:27:04
6948,2006-01-23,18:11:07
6948,2006-01-23,18:11:07
6953,2016-05-04,21:40:32
6963,2006-01-13,19:44:38
6970,2006-01-17,18:12:56
6979,2006-01-23,18:11:14
6981,2006-01-23,18:11:49
6984,2006-01-23,18:10:22
6985,2006-01-14,02:33:44
6993,2006-01-23,18:06:58
7013,2006-01-14,02:33:40
7018,2006-01-16,01:34:36
7018,2006-01-16,01:34:36
7020,2006-06-22,14:54:37
7022,2016-09-20,14:29:09
7022,2016-09-20,14:29:15
7022,2016-09-20,14:26:52
7022,2016-09-20,14:30:12
7022,2016-09-20,14:29:39
7022,2016-09-20,14:29:46
7022,2016-09-20,14:28:59
7022,2016-09-20,14:29:48
7022,2016-09-20,14:26:49
7022,2016-09-20,14:29:05
7023,2006-01-13,19:14:57
7024,2018-05-02,17:59:50
7024,2018-05-02,18:00:16
7024,2018-05-02,17:59:35
7024,2018-05-02,17:59:47
7024,2018-05-02,18:00:09
7024,2018-05-02,18:00:13
7024,2018-05-02,17:59:39
7025,2006-01-13,19:13:13
7049,2006-01-20,19:16:20
7050,2006-01-20,19:16:32
7053,2006-01-23,18:09:51
7055,2006-01-23,18:10:19
7059,2006-01-23,18:08:48
7061,2006-01-23,18:05:54
7062,2006-01-23,18:05:35
7062,2006-01-23,18:05:35
7069,2006-01-14,01:20:28
7069,2006-01-14,01:20:28
7070,2006-01-23,18:09:40
7071,2006-01-14,01:12:34
7073,2006-01-16,01:37:31
7078,2012-09-26,03:01:45
7078,2012-09-26,03:01:42
7079,2006-01-16,01:36:46
7086,2006-01-14,01:21:43
7087,2006-01-23,18:09:11
7088,2006-01-14,01:27:11
7090,2006-01-23,18:07:02
7091,2006-01-29,18:31:40
7121,2006-01-13,19:40:04
7132,2006-01-23,18:08:55
7132,2006-01-23,18:08:55
7139,2006-01-23,18:07:33
7141,2006-01-14,01:19:29
7147,2015-07-02,17:10:17
7147,2015-07-02,17:10:38
7147,2015-07-02,17:10:20
7147,2015-07-02,17:10:24
7153,2018-06-04,22:49:18
7153,2018-06-04,22:49:38
7153,2018-06-04,22:49:16
7153,2018-06-04,22:49:31
7153,2018-06-04,22:49:35
7153,2018-06-04,22:49:41
7153,2018-06-04,22:49:40
7153,2018-06-04,22:49:37
7153,2018-06-04,22:49:21
7153,2006-01-13,19:40:17
7156,2006-01-23,18:06:41
7158,2006-01-14,02:32:13
7160,2006-01-23,18:08:45
7162,2006-01-23,18:05:48
7190,2006-02-15,23:51:42
7212,2006-01-23,18:07:44
7212,2006-01-23,18:07:44
7217,2006-01-17,18:13:41
7218,2006-01-13,19:18:25
7219,2006-01-23,18:10:26
7234,2006-01-14,02:35:03
7254,2016-09-20,14:24:01
7254,2016-09-20,14:24:08
7254,2016-09-20,14:24:15
7254,2016-09-20,14:23:59
7256,2006-01-23,18:10:57
7285,2006-01-23,18:10:37
7301,2006-01-17,18:10:29
7301,2006-01-17,18:10:29
7318,2006-01-23,18:09:17
7323,2006-01-23,18:06:54
7361,2015-07-02,17:12:48
7361,2015-07-02,17:12:51
7361,2015-07-02,17:12:43
7361,2016-03-13,20:42:20
7361,2006-01-14,02:30:08
7361,2009-05-16,17:19:00
7361,2009-10-20,15:04:07
7361,2009-05-16,17:19:17
7361,2009-10-20,15:04:05
7361,2009-10-20,15:04:01
7361,2018-05-02,17:39:04
7361,2018-05-02,17:39:11
7361,2018-05-02,17:38:51
7361,2018-05-02,17:37:50
7361,2018-05-02,17:37:57
7361,2018-05-02,17:38:16
7361,2018-05-02,17:38:21
7361,2018-05-02,17:38:01
7361,2018-05-02,17:37:47
7361,2018-05-02,17:39:46
7361,2018-05-02,17:38:55
7361,2018-05-02,17:40:11
7361,2018-05-02,17:38:44
7361,2018-05-02,17:39:06
7361,2018-05-02,17:38:57
7361,2018-05-02,17:38:12
7361,2018-05-02,17:38:48
7361,2018-05-02,17:37:53
7361,2018-05-02,17:38:07
7361,2018-05-02,17:38:35
7361,2018-05-02,17:38:14
7361,2018-05-02,17:38:24
7361,2018-05-02,17:38:03
7361,2018-05-02,17:38:09
7371,2006-01-14,02:30:00
7382,2006-01-23,18:07:09
7382,2006-01-23,18:07:09
7382,2007-02-11,22:46:59
7438,2006-01-14,02:32:28
7439,2008-01-24,17:47:04
7440,2006-03-13,19:46:15
7444,2012-09-26,02:52:40
7451,2012-09-26,02:51:47
7451,2012-09-26,02:51:42
7451,2012-09-26,02:51:49
7451,2006-01-14,02:32:42
7479,2006-01-23,18:11:33
7493,2006-01-23,18:10:50
7572,2006-01-13,19:46:35
7584,2006-01-23,18:11:46
7584,2006-01-23,18:11:46
7614,2006-01-23,18:16:39
7618,2006-01-14,01:20:47
7618,2006-01-14,01:20:48
7619,2006-01-23,18:16:07
7619,2006-01-23,18:16:11
7646,2006-01-16,01:27:40
7649,2006-01-23,18:12:38
7700,2006-01-14,01:11:56
7705,2006-01-17,18:14:01
7705,2006-01-17,18:14:01
7713,2006-01-23,18:13:31
7714,2006-01-23,18:13:18
7728,2006-01-23,18:16:45
7748,2006-01-14,01:26:42
7766,2006-01-23,18:17:48
7789,2006-01-23,18:12:12
7792,2006-01-14,01:08:59
7831,2006-01-14,01:20:38
7832,2006-01-14,01:21:57
7833,2006-01-14,01:21:01
7834,2006-01-14,01:04:26
7835,2006-01-14,01:22:27
7924,2006-01-14,01:21:17
7926,2006-01-13,19:15:53
7932,2006-01-14,20:39:52
7932,2006-01-14,20:39:52
7932,2006-01-14,20:39:52
7932,2006-01-14,20:39:52
7932,2006-01-14,20:39:51
7932,2006-01-14,20:39:52
7934,2006-01-23,18:17:55
7936,2007-03-08,22:18:54
7981,2006-01-23,18:15:18
7983,2006-01-23,18:13:09
8011,2006-04-02,17:22:21
8014,2006-01-14,01:02:24
8019,2006-01-23,18:14:22
8033,2006-01-14,01:01:32
8094,2006-01-13,19:13:51
8153,2006-01-16,01:36:59
8167,2006-01-23,18:13:24
8183,2006-01-14,01:10:01
8188,2006-01-13,19:19:16
8190,2006-01-14,01:24:24
8191,2006-01-23,18:12:29
8197,2006-01-14,01:29:04
8207,2006-01-23,18:14:27
8228,2006-01-23,18:15:47
8235,2006-01-14,01:39:53
8266,2006-01-16,01:37:13
8275,2006-01-14,01:23:09
8335,2018-05-02,18:29:06
8337,2006-01-23,18:13:13
8338,2006-01-23,18:12:53
8338,2006-01-23,18:12:53
8341,2006-01-14,01:04:11
8360,2006-01-23,18:17:16
8366,2006-01-23,18:17:00
8366,2006-01-23,18:17:00
8368,2006-01-14,01:39:44
8368,2006-01-14,01:39:44
8375,2006-01-16,01:36:52
8376,2006-01-23,18:16:16
8379,2006-01-14,01:08:19
8382,2006-01-16,01:36:32
8424,2006-01-23,18:14:37
8446,2006-01-16,01:37:22
8463,2006-01-23,18:15:33
8464,2006-01-23,18:17:34
8464,2006-01-23,18:17:34
8477,2018-05-02,17:34:37
8507,2006-01-23,18:14:50
8530,2006-01-23,18:14:31
8533,2015-02-17,02:59:23
8533,2015-02-17,02:59:13
8533,2015-02-17,02:59:34
8580,2006-01-14,01:10:21
8580,2006-01-14,01:10:21
8607,2006-01-14,01:11:17
8609,2006-01-13,19:15:27
8622,2006-01-23,18:14:43
8622,2006-01-23,18:14:43
8636,2006-01-14,01:39:58
8638,2006-01-23,18:12:47
8641,2018-05-13,22:05:38
8641,2018-05-13,22:05:56
8641,2018-05-13,22:05:35
8641,2018-03-10,18:37:58
8641,2009-02-16,12:59:37
8641,2016-03-13,05:22:17
8641,2016-03-13,05:22:13
8645,2006-01-23,18:15:55
8645,2006-01-23,18:15:55
8695,2006-01-16,01:36:09
8714,2006-01-16,01:37:05
8754,2006-03-13,20:42:01
8765,2006-01-13,19:15:07
8783,2009-05-17,17:13:44
8783,2009-05-17,17:14:04
8783,2009-05-17,17:14:01
8784,2006-01-23,18:15:05
8796,2006-01-16,01:36:25
8809,2006-01-23,18:14:12
8827,2006-01-23,18:12:49
8838,2006-01-13,19:15:58
8874,2006-01-23,18:17:05
8875,2006-01-23,18:14:02
8875,2006-01-23,18:14:02
8879,2006-04-23,01:18:55
8879,2006-04-23,01:18:58
8879,2006-04-23,01:19:00
8880,2006-01-23,18:16:02
8914,2006-01-23,18:16:51
8920,2006-03-13,20:42:02
8938,2006-01-23,18:17:42
8938,2006-01-23,18:17:42
8943,2006-01-16,01:36:13
8949,2006-01-23,18:17:22
8950,2016-03-13,04:20:41
8950,2016-03-13,04:20:47
8950,2016-03-13,04:20:57
8950,2016-03-13,04:20:44
8950,2016-03-13,04:20:54
8950,2016-03-13,04:20:37
8950,2006-01-23,18:15:38
8951,2006-01-23,18:17:52
8957,2016-09-20,14:33:21
8957,2016-09-20,14:33:39
8957,2016-09-20,14:33:35
8957,2016-09-20,14:33:07
8957,2016-09-20,14:33:02
8957,2016-09-20,14:32:53
8957,2016-09-20,14:33:14
8958,2006-01-23,18:16:54
8961,2006-01-23,18:15:15
8961,2006-01-23,18:15:15
8961,2009-06-12,06:46:32
8961,2009-06-12,06:46:37
8970,2006-01-23,18:14:46
8979,2006-01-17,18:10:49
8983,2006-01-23,18:15:09
8998,2006-01-13,19:15:38
9010,2016-09-20,14:25:29
9018,2006-01-23,18:14:06
25753,2006-02-14,18:15:48
25771,2018-05-02,17:34:29
25771,2018-05-02,17:34:24
25771,2018-05-02,17:34:26
25825,2006-01-14,02:30:43
25841,2006-01-23,18:17:29
25855,2006-01-13,19:13:57
25865,2006-01-14,01:20:52
25886,2006-01-14,02:33:58
25940,2006-01-17,18:08:10
25952,2006-01-13,19:15:13
26085,2006-01-13,19:14:25
26131,2006-01-14,01:09:42
26151,2006-04-22,23:51:35
26242,2006-01-13,19:12:50
26662,2006-01-23,18:15:36
26717,2018-05-02,18:31:32
26717,2018-05-02,18:31:34
26717,2018-05-02,18:31:36
26776,2006-01-13,19:16:26
27020,2016-03-13,20:39:35
27020,2016-03-13,20:39:30
27156,2018-09-16,10:37:41
27156,2018-09-16,10:37:49
27156,2018-09-16,10:37:50
27156,2018-09-16,10:37:58
27156,2018-09-16,10:37:43
27660,2018-05-05,21:08:10
27660,2018-05-05,21:08:08
27660,2018-05-05,21:08:06
27660,2018-05-05,21:08:20
27660,2018-05-05,21:08:13
27660,2018-05-05,21:08:11
27706,2018-05-13,21:56:38
27706,2018-05-13,21:56:15
27706,2018-05-13,21:56:20
27706,2018-05-13,21:55:53
27706,2018-05-13,21:56:41
27731,2006-01-14,01:12:02
27741,2006-01-13,19:13:07
27773,2018-05-02,17:48:31
27773,2018-05-02,17:48:37
27773,2018-05-02,17:48:23
27773,2018-05-02,17:48:26
27773,2018-05-02,17:48:24
27773,2018-05-02,17:48:38
27773,2018-05-02,17:48:33
27773,2018-05-02,17:48:59
27790,2006-01-23,18:18:46
27790,2006-01-23,18:18:46
27808,2018-05-05,21:15:00
27808,2018-05-05,21:15:19
27808,2018-05-05,21:15:22
27820,2006-01-23,18:19:18
27820,2006-01-23,18:19:18
27831,2018-07-27,20:28:24
27831,2018-07-27,20:29:24
27831,2018-07-27,20:28:25
27831,2018-07-27,20:29:15
27831,2018-07-27,20:29:29
27831,2018-07-27,20:29:16
27831,2018-07-27,20:29:19
27834,2006-01-23,18:19:08
27838,2006-01-14,02:32:33
27878,2006-01-23,17:56:14
27882,2006-02-14,17:50:07
30707,2006-01-23,18:18:40
30749,2006-01-14,02:31:57
30793,2006-01-23,17:56:19
30810,2018-05-02,18:00:57
30810,2018-05-02,18:00:48
30810,2018-05-02,18:00:31
30810,2018-05-02,18:01:07
30810,2018-05-02,18:00:41
30810,2018-05-02,18:00:34
30812,2006-01-23,17:55:49
30812,2006-01-23,17:55:49
30812,2006-01-23,17:55:49
30820,2006-01-14,02:35:21
30822,2006-01-14,02:32:18
30825,2016-03-13,05:22:53
30825,2016-03-13,05:22:49
30850,2006-01-13,19:45:55
30892,2009-04-19,16:29:50
30892,2009-04-19,16:29:11
30892,2009-04-19,16:29:20
31030,2006-01-23,18:18:31
31437,2006-01-23,18:19:01
31658,2018-05-09,12:30:41
31658,2018-05-09,12:30:51
31658,2018-05-09,12:30:46
31658,2018-05-09,12:30:44
31658,2006-04-19,13:04:16
31658,2006-01-14,01:18:51
31903,2006-01-23,18:19:24
31923,2006-01-14,01:07:45
32160,2006-01-13,19:14:34
32371,2006-01-14,01:27:24
32582,2006-02-01,14:30:06
32582,2006-02-01,14:30:06
32584,2006-01-23,17:55:59
32587,2006-02-04,09:52:28
33154,2006-01-20,14:08:42
33154,2006-01-20,14:08:42
33154,2006-01-20,14:08:43
33162,2018-05-05,21:10:05
33162,2018-05-05,21:09:10
33162,2018-05-05,21:09:37
33162,2018-05-05,21:08:31
33166,2006-01-23,17:56:22
33493,2006-01-14,02:34:47
33493,2006-01-14,02:34:47
33660,2006-02-04,09:43:23
33660,2006-01-14,01:20:02
34150,2018-05-05,21:02:21
34150,2018-05-05,21:00:03
34150,2018-05-05,21:02:18
34150,2018-05-05,21:02:07
34150,2018-05-05,21:02:24
34150,2018-05-05,20:59:37
34162,2006-02-04,09:53:31
34271,2006-03-08,20:12:31
34323,2016-03-13,20:52:35
34359,2006-01-23,18:18:21
34405,2018-03-05,21:22:01
34405,2006-01-13,19:47:04
34437,2006-01-13,19:15:20
34482,2006-01-14,01:29:40
34528,2006-02-11,21:38:12
34542,2006-01-23,17:56:40
34542,2006-01-23,17:56:40
35015,2006-01-13,19:21:21
35015,2006-01-14,01:30:00
35836,2007-08-08,16:05:05
35836,2007-08-08,16:05:05
35836,2007-08-08,16:05:05
35836,2007-08-08,16:05:05
36517,2006-02-06,14:09:07
36517,2006-02-06,14:09:07
36517,2006-02-06,14:09:07
36527,2006-01-14,01:26:38
36529,2006-02-04,09:44:49
36535,2006-01-14,01:12:42
37240,2006-02-01,14:30:30
37384,2008-12-13,04:27:38
37729,2018-06-29,22:15:27
37729,2018-06-29,22:15:34
37729,2018-06-29,22:15:29
37729,2018-06-29,22:15:26
37729,2018-06-29,22:15:41
37729,2006-02-04,10:01:34
37729,2006-02-04,13:32:18
37733,2006-01-14,01:09:15
37736,2006-02-14,18:10:56
37741,2006-03-22,02:56:27
38038,2006-02-11,13:23:10
38038,2006-02-11,13:23:41
38061,2018-07-27,20:29:40
38061,2018-07-27,20:30:03
38061,2018-07-27,20:30:06
38061,2018-07-27,20:30:28
38061,2018-07-27,20:30:08
38061,2018-07-27,20:30:02
38061,2006-01-13,19:13:44
38798,2006-02-04,10:01:02
38886,2006-04-19,13:03:57
39234,2006-02-22,02:45:26
39234,2006-01-14,01:28:09
39292,2006-01-14,01:19:55
39292,2006-01-14,01:19:55
39292,2006-01-14,01:19:55
39292,2006-01-14,01:19:55
40278,2016-03-13,05:20:43
40278,2016-03-13,05:20:49
40491,2018-05-02,17:33:04
40583,2006-01-14,01:02:07
40629,2006-01-13,19:16:37
40815,2006-01-14,01:39:36
40815,2006-01-14,01:39:36
40819,2006-01-14,01:03:15
40955,2008-12-13,03:58:09
41566,2006-01-13,19:46:57
41569,2010-01-06,16:39:19
41997,2006-01-13,19:13:23
42002,2006-01-14,01:29:10
42422,2009-09-08,02:42:41
42632,2016-09-20,14:24:52
42740,2006-02-01,14:30:37
44665,2016-03-02,19:51:23
44889,2008-12-13,04:01:03
45447,2018-05-06,20:04:24
45447,2018-05-06,20:04:35
45447,2018-05-06,20:04:22
45447,2018-05-06,20:04:41
45447,2018-05-06,20:04:39
45447,2018-05-06,20:04:27
45447,2018-05-06,20:04:44
45499,2010-01-06,16:39:39
45499,2010-01-06,16:39:32
45730,2009-05-17,17:15:31
45730,2009-05-17,17:15:21
45730,2009-05-17,17:15:26
45730,2009-05-17,17:15:23
45730,2009-05-17,17:14:57
45730,2009-05-17,17:15:04
45730,2009-05-17,17:15:08
45880,2018-05-02,18:55:47
45880,2018-05-02,18:55:51
46723,2018-05-05,21:03:37
46723,2018-05-05,21:03:47
46723,2018-05-05,21:03:35
46723,2018-05-05,21:04:06
46972,2018-05-05,21:04:14
46972,2018-05-05,21:04:15
46976,2018-09-13,21:38:12
46976,2018-09-13,21:37:35
46976,2018-09-13,21:37:38
46976,2018-09-13,21:37:31
46976,2018-09-13,21:37:42
46976,2018-09-13,21:37:33
47610,2009-05-17,17:16:48
47610,2009-05-17,17:16:18
47610,2009-05-17,17:16:35
47610,2009-05-17,17:16:20
48394,2018-05-02,18:47:04
48394,2018-05-02,18:47:10
48394,2018-05-02,18:47:07
48516,2007-01-25,01:08:45
48516,2012-09-26,02:39:09
48516,2012-09-26,02:39:12
48516,2012-09-26,02:39:14
48516,2012-09-26,02:39:16
48516,2016-03-13,04:26:28
48516,2016-03-13,04:26:13
48516,2016-03-13,04:26:18
48516,2016-03-13,04:26:16
48516,2016-03-13,04:26:24
48698,2010-06-08,14:09:49
48780,2006-10-23,14:57:15
48780,2018-05-02,18:41:10
48780,2018-05-02,18:41:08
49130,2018-05-17,18:39:31
49530,2018-09-13,21:38:26
49530,2018-09-13,21:38:24
49530,2018-09-13,21:38:21
49530,2018-09-13,21:38:29
49530,2018-09-13,21:38:18
50872,2016-01-17,17:25:51
50872,2016-01-17,17:25:59
50872,2018-05-02,17:58:05
50872,2018-05-02,17:58:08
51255,2009-02-16,12:58:35
52287,2007-04-13,21:14:21
52604,2016-03-10,22:58:16
52604,2016-03-10,22:58:31
52604,2016-03-10,22:58:02
52712,2007-08-10,05:00:48
52712,2007-08-10,05:01:00
52885,2009-10-20,15:03:28
53127,2016-03-14,02:42:14
53127,2016-03-14,02:41:53
53127,2016-03-14,02:42:17
53127,2016-03-14,02:41:24
53127,2016-03-14,02:41:58
53127,2016-03-14,02:40:56
53464,2018-05-05,21:13:17
53464,2018-05-05,21:13:31
53464,2018-05-05,21:13:42
53464,2018-05-05,21:13:27
53464,2018-05-05,21:13:14
53464,2018-05-05,21:13:12
53464,2018-05-05,21:13:33
53468,2009-09-28,01:30:34
54286,2007-09-02,23:08:39
54286,2007-09-02,23:08:37
54286,2007-09-02,23:08:35
54286,2007-09-02,23:08:44
54503,2009-06-09,16:48:22
54503,2009-06-09,16:48:37
54503,2009-06-09,16:48:14
54503,2009-06-09,16:48:53
54503,2009-06-09,16:48:39
54503,2009-06-09,16:48:42
54503,2009-06-09,16:48:47
54997,2012-09-26,02:39:55
55167,2010-08-27,15:56:22
55290,2012-09-26,02:38:36
55290,2012-09-26,02:38:47
55290,2012-09-26,02:38:51
55721,2016-05-10,22:36:17
55765,2015-02-17,02:18:39
55765,2015-02-17,02:18:35
55765,2015-02-17,02:19:19
55765,2015-02-17,02:18:49
56174,2010-01-06,16:34:36
56174,2010-01-06,16:34:37
56174,2010-01-06,16:34:41
56174,2010-01-06,16:34:44
56174,2010-01-06,16:34:31
56174,2010-01-06,16:34:55
56174,2010-01-06,16:34:59
56174,2010-01-06,16:34:29
56174,2010-01-06,16:35:02
56367,2009-06-09,16:49:18
56367,2009-06-09,16:49:16
56367,2009-06-09,16:49:14
56367,2009-06-09,16:49:13
56367,2009-06-09,16:49:36
56782,2018-05-02,17:47:28
56782,2018-05-02,17:47:19
56782,2018-05-02,17:48:08
56782,2018-05-02,17:47:22
56782,2018-05-02,17:47:25
56782,2018-05-02,17:47:33
56782,2018-05-02,17:47:48
56782,2018-05-02,17:47:16
57502,2018-05-02,18:26:06
57502,2018-05-02,18:26:07
57502,2018-05-02,18:26:01
57502,2018-05-02,18:25:58
57669,2010-03-29,03:16:02
57669,2010-03-29,03:16:01
57669,2010-03-29,03:15:59
57669,2010-03-29,03:16:04
57669,2010-03-29,03:16:07
57669,2010-03-29,03:16:19
57669,2010-03-29,03:16:12
57669,2010-03-29,03:16:14
58047,2018-06-13,17:02:44
58047,2018-06-13,17:02:27
58295,2015-02-17,02:10:43
58295,2015-02-17,02:10:58
58295,2015-02-17,02:10:56
58301,2016-09-20,14:26:01
58301,2018-05-02,17:49:16
58301,2018-05-02,17:49:20
58301,2018-05-02,17:49:18
58301,2018-05-02,17:49:27
58559,2013-04-23,00:14:00
58559,2013-04-23,00:14:14
58559,2018-05-02,18:26:34
58559,2018-05-02,18:26:41
59103,2008-09-29,08:19:54
59103,2008-09-29,08:20:05
59141,2009-05-04,00:15:55
59501,2018-05-06,20:11:47
59501,2018-05-06,20:11:57
59501,2018-05-06,20:11:48
59501,2018-05-06,20:13:23
60069,2009-05-04,00:17:32
60069,2009-05-04,00:17:36
60069,2009-05-04,00:17:19
60069,2009-05-04,00:17:16
60074,2018-05-05,21:01:56
60074,2018-05-05,21:02:01
60074,2018-05-05,21:01:47
60126,2018-05-22,15:50:40
60126,2018-05-22,15:50:38
60516,2012-01-15,06:59:42
60756,2015-10-24,19:29:54
60756,2015-10-24,19:29:56
60756,2015-10-24,19:29:52
60756,2018-06-13,23:59:44
60756,2018-06-13,23:59:41
60756,2018-06-13,23:59:39
60756,2016-03-13,05:15:27
60756,2016-03-13,05:15:29
60950,2016-09-23,00:50:17
61024,2018-06-13,23:56:58
61024,2018-06-13,23:56:54
61024,2018-06-13,23:56:56
61024,2018-06-13,23:56:59
61323,2008-11-30,19:31:21
61323,2010-03-29,03:14:43
61323,2010-03-29,03:14:46
61323,2010-03-29,03:14:44
61323,2010-03-29,03:14:48
61323,2010-03-29,03:14:51
61323,2010-03-29,03:14:50
61323,2010-03-29,03:14:52
61323,2010-03-29,03:14:57
61323,2010-03-29,03:15:04
61323,2010-03-29,03:15:01
62336,2010-08-27,15:56:51
62336,2010-08-27,15:57:01
62336,2010-08-27,15:56:55
62336,2010-08-27,15:56:57
62434,2016-09-23,01:01:16
62434,2016-09-23,01:01:13
63062,2018-05-02,18:36:34
63992,2018-06-13,23:57:17
63992,2018-06-13,23:57:21
63992,2018-06-13,23:57:27
63992,2018-06-13,23:57:20
63992,2018-06-13,23:57:13
64034,2009-05-12,20:33:24
64034,2009-05-12,20:33:47
66097,2016-03-13,04:47:48
66097,2016-03-13,04:48:04
66097,2016-03-13,04:47:55
66097,2016-03-13,04:48:18
66097,2016-03-13,04:48:01
66097,2016-03-13,04:48:14
66934,2009-06-12,06:32:48
66934,2009-06-12,06:32:58
66934,2009-06-12,06:32:54
66934,2009-06-12,06:32:39
67087,2010-03-29,03:37:48
67087,2010-03-29,03:38:07
67087,2010-03-29,03:38:04
67087,2010-03-29,03:37:58
67087,2010-03-29,03:37:53
67087,2010-03-29,03:37:43
67087,2010-03-29,03:37:51
67087,2010-03-29,03:37:46
67695,2016-09-20,14:35:23
68157,2016-03-13,04:51:07
68157,2016-03-13,04:51:03
68157,2016-03-13,04:51:00
68157,2016-03-13,04:50:52
68157,2016-03-13,04:51:10
68237,2009-09-14,03:23:34
68237,2009-09-14,03:23:40
68237,2009-09-14,03:23:45
68319,2009-05-08,06:02:57
68319,2010-01-06,16:38:06
68319,2009-05-10,07:01:52
68319,2010-01-06,16:38:12
68319,2010-01-06,16:38:11
68319,2009-05-10,07:44:44
68358,2009-06-15,01:45:04
68358,2010-01-06,16:38:44
68358,2010-01-06,16:38:46
68358,2009-06-15,01:45:09
68358,2010-01-06,16:38:53
68358,2009-06-15,01:45:16
68358,2010-01-06,16:38:52
68358,2010-01-06,16:38:51
68358,2010-01-06,16:38:49
68791,2010-01-06,16:37:29
68791,2010-01-06,16:37:42
68791,2010-01-06,16:37:22
68791,2010-01-06,16:37:39
68791,2010-01-06,16:37:26
68791,2010-01-06,16:37:32
68791,2010-01-06,16:37:55
68791,2009-05-27,05:26:21
68791,2010-01-06,16:37:34
68791,2009-05-27,05:26:32
68791,2010-01-06,16:37:51
68791,2010-01-06,16:37:53
68848,2018-05-25,18:51:45
68848,2018-05-25,18:52:00
68848,2018-05-25,18:52:02
68848,2018-05-25,18:52:04
68848,2018-05-25,18:51:56
68848,2018-05-25,18:51:51
68945,2009-06-30,08:04:31
68954,2010-02-17,12:10:34
68954,2010-02-17,12:10:41
68954,2010-02-17,12:10:38
68954,2010-02-17,12:10:43
68954,2010-02-17,12:10:45
68954,2010-02-17,12:10:56
68954,2010-02-17,12:10:58
68954,2010-02-17,12:11:02
68954,2010-02-17,12:11:15
68954,2018-05-02,18:45:58
68954,2018-05-02,18:45:59
68954,2018-05-02,18:45:55
68954,2018-05-02,18:46:02
69122,2015-02-17,02:31:47
69122,2015-02-17,02:31:39
69122,2015-02-17,02:31:57
69122,2015-02-17,02:31:48
69122,2015-02-17,02:31:38
69481,2015-02-17,03:46:42
69526,2010-01-06,16:35:20
69526,2010-01-06,16:35:29
69526,2009-06-30,07:16:02
69526,2010-01-06,16:35:32
69526,2010-01-06,16:35:37
69526,2009-06-30,07:16:12
69526,2009-06-30,07:15:59
69757,2010-07-24,07:22:14
69757,2010-07-24,07:22:21
69757,2010-07-24,07:22:04
69757,2010-07-24,07:22:10
69757,2010-07-24,07:22:12
69757,2010-07-24,07:22:25
69757,2010-07-24,07:22:03
69757,2010-07-24,07:22:00
70286,2009-08-17,02:42:49
71494,2015-03-19,16:49:01
71535,2018-06-23,18:06:38
71535,2018-06-23,18:06:29
71535,2018-06-23,18:06:32
71535,2018-06-23,18:06:34
71535,2018-06-23,18:06:26
71535,2018-06-23,18:05:29
71899,2018-05-02,17:44:04
71899,2018-05-02,17:44:10
71899,2018-05-02,17:43:56
71899,2018-05-02,17:43:53
71899,2018-05-02,17:43:49
71899,2018-05-02,17:43:59
71899,2018-05-02,17:43:51
71899,2018-05-02,17:43:54
71899,2018-05-02,17:44:03
71899,2018-05-02,17:44:08
71899,2018-05-02,17:44:01
71899,2018-05-02,17:44:12
71899,2018-05-02,17:43:47
72224,2011-02-05,07:34:29
72998,2010-01-05,16:05:24
72998,2010-01-05,16:05:31
72998,2010-01-05,16:05:32
72998,2010-01-05,16:05:36
72998,2010-01-05,16:05:34
72998,2010-01-05,16:05:37
72998,2010-01-05,16:05:51
72998,2010-01-05,16:05:25
72998,2010-01-06,16:13:36
72998,2010-01-05,16:05:42
72998,2015-02-17,02:30:29
72998,2015-02-17,02:30:42
72998,2015-02-17,02:30:59
72998,2015-02-17,02:31:03
72998,2015-02-17,02:30:52
72998,2015-02-17,02:31:26
72998,2015-02-17,02:30:37
72998,2015-02-17,02:30:33
74458,2016-03-13,04:25:02
74458,2016-03-13,04:25:10
74458,2016-03-13,04:25:07
74458,2016-03-13,04:25:04
74458,2016-03-13,04:24:58
74458,2016-03-13,04:25:13
74458,2016-03-13,04:25:22
74791,2018-05-02,18:35:12
74791,2018-05-02,18:35:10
79132,2016-03-13,04:55:27
79132,2016-03-13,04:55:11
79132,2016-03-13,04:55:16
79132,2016-03-13,04:55:03
79132,2016-03-13,04:55:20
79132,2016-03-13,04:55:14
79132,2010-07-31,20:29:48
79132,2010-07-31,20:29:38
79132,2010-07-31,20:29:41
79132,2015-02-17,02:29:11
79132,2015-02-17,02:29:02
79132,2015-02-17,02:28:53
79132,2015-02-17,02:30:00
79132,2015-02-17,02:28:38
79132,2015-02-17,02:29:14
79132,2015-02-17,02:29:19
79132,2015-02-17,02:29:45
79132,2015-02-17,02:28:44
79132,2015-02-17,02:29:25
79132,2015-02-17,02:29:22
79132,2015-02-17,02:29:04
79132,2015-02-17,02:28:50
79132,2018-05-02,18:56:30
79132,2018-05-02,18:56:23
79132,2018-05-02,18:56:25
79132,2018-05-02,18:56:20
79702,2010-08-27,15:44:24
79702,2010-08-27,15:44:13
79702,2010-08-27,15:44:16
79702,2010-08-27,15:44:20
80463,2018-05-02,18:39:07
80463,2018-05-02,18:38:45
80463,2018-05-02,18:38:37
80489,2015-02-17,02:18:03
80489,2015-02-17,02:18:09
80489,2015-02-17,02:17:01
80489,2015-02-17,02:17:34
80834,2015-07-04,06:56:19
80834,2015-07-04,06:56:19
80834,2015-07-04,06:56:19
80906,2015-02-20,19:50:59
80906,2015-02-20,19:50:48
80906,2015-02-20,19:50:52
80906,2015-02-20,19:50:54
80906,2015-02-20,19:50:49
80906,2015-02-20,19:50:57
81158,2011-03-06,23:09:14
81562,2016-03-13,20:36:44
81591,2016-03-13,05:08:04
81591,2016-03-13,05:07:38
81591,2016-03-13,05:07:48
81591,2016-03-13,05:07:50
81591,2016-03-13,05:07:57
81591,2016-03-13,05:07:41
82242,2010-12-30,06:27:50
82459,2011-03-18,21:57:43
82459,2011-03-18,21:57:57
82459,2011-03-18,21:57:59
82459,2011-03-18,21:58:00
82459,2011-03-18,21:56:45
82461,2011-02-05,07:33:26
82461,2011-02-05,07:33:20
82461,2011-02-05,07:33:15
82461,2011-02-05,07:33:22
82461,2011-02-05,07:33:23
83134,2018-02-16,20:04:37
85565,2013-08-20,18:07:43
87430,2018-05-05,21:19:32
87430,2018-05-05,21:19:28
87430,2018-05-05,21:19:30
87430,2018-05-05,21:19:24
87430,2018-05-05,21:19:36
87430,2018-05-05,21:19:44
87430,2018-05-05,21:19:22
87430,2018-05-05,21:19:42
87430,2018-05-05,21:19:41
88094,2016-03-08,13:41:40
88094,2016-03-08,13:43:12
88094,2016-03-08,13:43:29
88405,2018-05-05,21:14:39
88405,2018-05-05,21:14:28
88405,2018-05-05,21:14:32
88405,2018-05-05,21:14:40
88405,2018-05-05,21:14:33
88405,2018-05-05,21:14:21
88405,2018-05-05,21:14:26
88405,2018-05-05,21:14:43
88405,2018-05-05,21:14:24
89745,2015-02-17,02:36:16
89745,2015-02-17,02:36:53
89745,2015-02-17,02:36:11
89745,2015-02-17,02:36:38
89745,2018-05-02,18:25:37
89745,2018-05-02,18:25:34
89745,2018-05-02,18:25:32
89774,2015-10-24,19:33:27
89774,2015-10-24,19:33:20
89774,2015-10-24,19:33:25
90439,2015-02-17,02:44:19
90439,2015-02-17,02:04:11
90439,2015-02-17,02:03:55
90439,2015-02-17,02:04:14
90439,2015-02-17,02:04:27
90439,2015-02-17,02:04:05
90439,2015-02-17,02:04:01
90439,2015-02-17,02:43:25
90439,2015-02-17,02:44:12
90769,2015-01-29,09:38:40
90769,2015-01-29,09:38:40
90769,2015-01-29,09:38:40
91500,2012-09-26,02:35:41
91529,2012-09-26,02:32:38
91529,2012-09-26,02:32:35
91529,2012-09-26,02:32:40
91529,2012-09-26,02:32:55
91529,2012-09-26,02:32:59
91529,2012-09-26,02:32:46
91529,2012-09-26,02:33:06
91529,2012-09-26,02:33:10
92259,2015-02-17,02:50:13
92259,2015-02-17,02:49:46
94959,2018-05-02,18:39:20
95067,2015-02-17,02:42:12
95441,2015-02-17,02:32:38
95558,2018-05-02,18:58:24
95558,2018-05-02,18:58:19
95558,2018-05-02,18:58:26
96079,2018-05-02,18:56:02
96079,2018-05-02,18:56:04
96079,2018-05-02,18:56:06
96084,2015-01-13,10:42:15
96084,2015-01-13,10:42:15
96084,2015-01-13,10:42:15
96861,2018-06-21,20:01:02
96861,2018-06-21,20:00:50
96861,2018-06-21,20:01:06
96861,2018-06-21,20:00:56
96861,2018-06-21,20:01:09
97304,2015-02-17,02:02:48
97304,2015-02-17,02:03:01
97304,2015-02-17,02:02:40
97938,2015-07-02,17:11:41
97938,2015-07-02,17:11:32
97938,2015-07-02,17:11:16
98809,2015-07-15,07:08:48
98809,2015-07-15,07:09:01
98961,2013-03-09,22:15:27
98961,2013-03-09,22:14:50
98961,2013-03-09,22:15:08
98961,2013-03-09,22:15:15
98961,2013-03-09,22:15:03
99114,2018-05-11,22:46:32
99114,2018-05-11,22:46:06
99114,2018-05-11,22:46:18
99114,2018-05-11,22:46:25
99114,2018-05-11,22:46:08
99114,2018-05-11,22:46:27
99114,2018-05-11,22:46:02
99114,2018-05-11,22:46:00
99114,2018-05-11,22:46:03
99114,2018-05-11,22:46:21
99114,2018-05-11,22:46:13
99114,2015-02-17,02:33:35
99764,2018-05-02,17:34:13
99764,2018-05-02,17:34:11
99764,2018-05-02,17:34:16
99764,2018-05-02,17:34:15
99917,2018-05-02,18:44:03
99917,2018-05-02,18:44:14
99917,2018-05-02,18:44:12
99917,2018-05-02,18:44:05
99917,2018-05-02,18:44:09
99917,2018-05-02,18:44:07
100083,2016-09-20,13:11:15
100083,2016-09-20,13:11:00
100083,2016-09-20,13:10:35
100083,2016-09-20,13:10:15
100083,2016-09-20,14:31:41
101142,2015-07-10,21:17:47
101142,2015-07-10,21:17:47
101142,2015-07-10,21:17:47
102007,2016-01-18,16:37:27
102903,2016-03-13,05:07:03
102903,2016-03-13,05:06:33
102903,2016-03-13,05:06:36
102903,2016-03-13,05:06:27
103042,2018-05-05,21:22:08
103042,2018-05-05,21:21:59
104218,2015-02-19,03:41:42
104841,2015-02-17,02:40:13
104841,2015-02-17,02:40:06
104841,2015-02-17,02:39:44
104841,2015-02-17,02:39:54
104841,2015-02-17,02:40:27
104841,2015-02-17,02:40:38
104863,2018-06-12,22:52:48
104863,2018-06-12,22:52:45
104875,2018-05-02,18:31:53
104879,2016-03-13,05:19:20
104879,2016-03-13,05:19:18
104879,2016-03-13,05:19:26
104879,2016-03-13,05:19:24
104879,2016-03-13,05:19:15
104879,2016-03-13,05:19:28
104879,2016-03-13,05:19:38
104879,2016-03-13,05:19:22
104944,2018-05-02,18:33:02
104944,2018-05-02,18:32:55
104944,2018-05-02,18:33:04
104944,2018-05-02,18:33:10
104944,2018-05-02,18:32:53
105504,2015-02-17,02:46:18
105504,2015-02-17,02:46:10
105504,2015-02-17,02:45:49
105504,2018-05-02,18:48:50
105504,2018-05-02,18:48:52
106100,2016-03-13,05:12:04
106100,2016-03-13,05:12:01
106100,2016-03-13,05:12:13
106489,2016-07-03,17:29:39
106489,2016-03-13,20:33:30
106489,2016-03-13,20:33:34
106489,2016-03-13,20:33:21
106766,2018-05-02,17:58:40
106766,2018-05-02,17:58:44
106766,2018-05-02,17:58:39
106766,2018-05-02,17:58:37
106782,2015-10-24,19:30:54
106782,2015-10-24,19:30:51
106782,2015-10-24,19:30:56
106782,2015-02-17,03:11:33
106782,2015-02-17,03:11:28
107348,2018-06-14,00:10:11
107348,2018-06-14,00:10:00
107348,2018-06-14,00:10:13
107348,2018-06-14,00:10:02
107406,2018-05-02,18:46:25
108190,2018-05-05,21:14:01
108190,2018-05-05,21:13:55
108190,2018-05-05,21:13:50
108190,2018-05-05,21:13:52
108190,2018-05-05,21:14:05
108190,2018-05-05,21:14:07
108190,2018-05-05,21:13:59
108190,2018-05-05,21:14:03
108932,2018-05-02,17:55:02
108932,2018-05-02,17:54:35
108932,2018-05-02,17:54:36
108932,2018-05-02,17:55:00
108932,2018-05-02,17:54:32
108932,2018-05-02,17:54:41
108932,2018-05-02,17:54:38
109487,2017-04-25,04:08:26
109487,2017-04-25,04:08:52
109487,2017-04-25,04:09:16
109487,2016-03-13,20:43:25
109487,2016-03-13,20:43:28
109487,2016-03-13,20:43:31
109487,2018-05-02,18:59:22
109487,2018-05-02,18:59:31
109487,2018-05-02,18:59:27
109487,2018-05-02,18:59:19
111364,2014-10-30,18:31:58
111743,2018-07-01,18:57:00
111743,2018-07-01,18:57:14
111743,2018-07-01,18:56:59
111743,2018-07-01,18:56:57
112421,2018-05-02,17:50:33
112421,2018-05-02,17:50:21
112421,2018-05-02,17:50:27
112421,2018-05-02,17:50:25
112421,2018-05-02,17:50:17
112421,2018-05-02,17:50:19
112515,2016-03-13,04:27:38
112515,2016-03-13,04:27:36
112515,2016-03-13,04:27:08
112515,2016-03-13,04:27:41
112552,2015-04-18,08:59:01
112552,2015-04-18,08:59:01
112552,2015-04-18,08:59:01
112552,2015-02-21,02:52:58
112552,2015-02-21,02:52:58
112552,2015-02-21,02:52:58
112552,2018-05-02,18:37:56
112552,2018-05-02,18:37:58
112552,2018-05-02,18:37:54
112556,2016-03-13,04:58:08
112556,2016-03-13,04:59:15
112852,2018-05-02,18:23:02
112852,2018-05-02,18:22:13
112852,2018-05-02,18:22:16
112852,2018-05-02,18:22:58
113705,2018-05-02,18:34:53
114180,2018-05-05,21:07:40
114180,2018-05-05,21:07:30
114180,2018-05-05,21:07:34
114180,2018-05-05,21:07:38
114180,2018-05-05,21:07:36
114180,2018-05-05,21:07:51
114180,2018-05-05,21:07:53
114180,2018-05-05,21:07:43
114627,2018-05-02,18:43:43
114627,2018-05-02,18:43:47
114627,2018-05-02,18:43:41
114627,2018-05-02,18:43:39
115149,2018-06-04,22:44:11
115149,2018-06-04,22:44:17
115149,2018-06-04,22:44:04
115149,2018-06-04,22:44:01
115149,2018-06-04,22:44:18
115149,2018-06-04,22:44:07
115149,2015-07-24,18:39:03
115149,2015-07-24,18:39:03
115149,2015-07-24,18:39:03
115617,2015-07-03,17:34:50
115617,2015-07-03,17:34:50
115617,2015-07-03,17:34:50
115617,2015-06-28,20:37:56
115617,2015-06-28,20:37:56
115617,2015-06-28,20:37:56
116797,2018-05-02,18:47:48
116797,2018-05-02,18:47:45
116897,2018-06-04,22:54:09
116897,2018-06-04,22:54:19
116897,2018-06-04,22:54:07
116897,2018-06-04,22:54:14
116897,2018-06-04,22:54:22
116897,2018-06-04,22:54:12
117877,2018-05-02,19:00:15
117877,2018-05-02,19:00:11
117887,2018-05-02,18:32:18
118696,2016-01-18,16:37:59
118784,2015-01-04,19:49:52
118784,2015-01-04,19:49:52
118784,2015-01-04,19:49:52
118985,2014-12-28,22:24:37
119141,2014-12-28,19:12:42
119141,2018-05-05,21:19:06
119141,2018-05-05,21:18:58
119141,2018-05-05,21:18:49
119141,2018-05-05,21:18:52
119141,2018-05-05,21:18:47
119145,2018-05-02,18:45:28
120635,2015-08-01,14:28:26
120635,2015-08-01,14:28:26
120635,2015-08-01,14:28:26
122882,2018-05-02,17:57:24
122882,2018-05-02,17:57:33
122882,2018-05-02,17:57:16
122912,2018-05-11,08:57:03
122912,2018-05-11,08:56:41
122912,2018-05-11,08:57:05
122912,2018-05-11,08:56:55
122912,2018-05-11,08:56:37
122912,2018-05-11,08:56:23
122912,2018-05-11,08:56:31
122912,2018-05-11,08:56:25
122912,2018-05-11,08:56:50
122912,2018-05-11,08:56:34
122912,2018-05-02,17:33:31
122912,2018-05-02,17:33:12
122912,2018-05-02,17:33:20
122912,2018-05-02,17:33:25
122912,2018-05-02,17:33:23
122916,2018-05-02,18:21:07
122916,2018-05-02,18:21:25
122916,2018-05-02,18:21:31
122916,2018-05-02,18:21:05
122916,2018-05-02,18:21:21
122918,2018-05-02,18:35:32
122922,2018-05-02,18:52:37
126548,2015-11-14,20:23:12
126548,2015-11-14,20:22:55
127172,2015-02-06,11:36:05
127172,2015-02-06,11:36:05
127172,2015-02-06,11:36:05
127298,2018-05-02,18:37:29
127298,2018-05-02,18:37:36
128360,2018-05-11,22:48:30
128360,2018-05-11,22:48:22
128360,2018-05-11,22:48:21
128360,2018-05-11,22:48:06
128360,2018-05-11,22:47:57
128360,2018-05-11,22:48:03
128360,2018-05-11,22:48:00
128360,2018-05-11,22:48:32
128360,2018-05-11,22:48:19
134130,2018-05-02,19:01:17
134170,2018-05-02,17:51:32
134170,2018-05-02,17:51:23
134170,2018-05-02,17:51:42
135133,2018-05-06,20:11:20
135133,2018-05-06,20:11:24
135133,2018-05-06,20:11:27
135133,2018-05-06,20:11:28
135133,2018-05-06,20:11:39
135133,2018-05-06,20:11:23
135133,2018-05-06,20:11:21
135518,2018-07-01,18:56:05
135518,2018-07-01,18:55:46
135518,2018-07-01,18:55:43
135518,2018-07-01,18:55:52
135536,2018-05-05,21:18:10
135536,2018-05-05,21:18:04
135536,2018-05-05,21:17:57
135536,2018-05-05,21:18:26
135536,2018-05-05,21:18:12
135536,2018-05-05,21:18:00
135536,2018-05-05,21:18:09
135536,2018-05-05,21:17:59
135536,2018-05-05,21:18:14
135536,2018-05-05,21:18:19
135536,2018-05-05,21:17:52
135536,2018-05-05,21:17:54
135536,2018-05-05,21:17:49
135536,2018-05-05,21:17:53
135536,2018-05-05,21:18:07
135536,2018-05-05,21:18:03
135536,2018-05-05,21:18:23
135536,2018-05-05,21:18:29
135536,2018-05-05,21:17:56
136864,2018-05-05,21:20:42
136864,2018-05-05,21:20:11
136864,2018-05-05,21:20:23
136864,2018-05-05,21:20:27
136864,2018-05-05,21:20:25
136864,2018-05-05,21:20:40
136864,2018-05-05,21:20:43
136864,2018-05-05,21:20:13
136864,2018-05-05,21:20:33
138036,2018-05-02,18:53:16
138036,2018-05-02,18:53:10
139385,2018-05-11,22:50:25
139385,2018-05-11,22:50:19
139385,2018-05-11,22:50:29
139385,2018-05-11,22:50:38
139385,2018-05-02,18:56:49
139385,2018-05-02,18:56:53
139385,2018-05-02,18:57:06
139644,2018-05-02,18:42:48
139644,2018-05-02,18:42:45
140174,2018-05-02,18:58:00
140174,2018-05-02,18:58:02
141890,2018-05-02,18:49:37
143367,2018-05-02,17:45:59
143367,2018-05-02,17:45:57
143367,2018-05-02,17:45:55
143367,2018-05-02,17:46:08
144210,2016-02-09,23:26:21
144210,2016-02-09,23:27:32
148626,2018-05-02,19:01:48
148626,2018-05-02,19:01:44
148626,2018-05-02,19:01:42
148881,2018-05-02,17:33:39
148881,2018-05-02,17:33:42
152077,2018-05-02,18:57:27
152077,2018-05-02,18:57:23
152711,2016-11-07,03:34:48
152711,2016-11-07,03:35:09
152711,2016-11-07,03:34:56
152711,2016-11-07,03:35:01
152711,2016-11-07,03:35:13
153070,2018-05-02,17:41:42
155288,2018-05-02,18:36:05
155288,2018-05-02,18:36:03
156371,2016-09-21,14:55:00
156605,2018-05-02,17:50:53
156605,2018-05-02,17:50:55
156605,2018-05-02,17:50:56
158872,2016-09-20,14:33:55
158872,2016-09-20,14:34:47
158872,2016-09-20,14:34:13
158872,2016-09-20,14:34:07
158872,2016-09-20,14:35:00
158966,2018-05-11,22:05:53
158966,2018-05-11,22:05:41
158966,2018-05-11,22:05:39
158966,2018-05-11,22:05:50
158966,2018-05-11,22:05:44
158966,2018-05-11,22:05:42
161634,2018-05-02,18:54:01
164179,2018-05-02,18:28:10
164179,2018-05-02,18:28:06
164179,2018-05-02,18:28:16
164179,2018-05-02,18:28:26
164179,2018-05-02,18:28:19
164179,2018-05-02,18:28:08
164179,2018-05-02,18:28:13
164909,2018-05-02,19:00:56
164909,2018-05-02,19:00:58
167746,2018-05-02,18:30:25
167746,2018-05-02,18:30:33
168248,2018-06-04,22:44:55
168248,2018-06-04,22:44:51
168248,2018-06-04,22:44:47
168248,2018-06-04,22:44:53
168248,2018-06-04,22:44:44
168248,2018-06-04,22:44:49
168248,2018-06-04,22:44:42
168248,2017-05-03,20:44:30
168252,2018-05-02,17:59:02
168252,2018-05-02,17:59:06
168252,2018-05-02,17:59:00
168252,2018-05-02,17:59:08
168252,2018-05-02,17:59:17
170945,2018-05-02,18:41:44
170945,2018-05-02,18:41:41
174053,2018-05-06,20:09:01
174053,2018-05-06,20:09:03
174053,2018-05-06,20:09:06
174053,2018-05-06,20:09:44
174053,2018-05-06,20:09:04
174055,2018-05-02,18:20:39
174055,2018-05-02,18:20:36
174055,2018-05-02,18:20:29
176371,2018-05-02,17:44:36
176371,2018-05-02,17:44:38
176371,2018-05-02,17:44:35
176371,2018-05-02,17:44:53
176371,2018-05-02,17:44:44
176371,2018-05-02,17:44:40
176371,2018-05-02,17:44:46
176371,2018-05-02,17:44:49
176419,2018-05-02,18:59:44
176419,2018-05-02,18:59:48
176419,2018-05-02,18:59:46
179401,2018-06-14,00:02:18
179401,2018-06-14,00:02:14
179401,2018-06-14,00:02:20
179401,2018-06-14,00:02:16
180031,2018-05-02,18:02:30
180031,2018-05-02,18:02:43
180985,2018-05-02,18:22:00
183611,2018-05-13,20:51:29
183611,2018-05-13,20:51:28
183611,2018-05-13,20:51:49
184471,2018-06-03,11:21:40
184471,2018-06-03,11:21:54
184471,2018-06-03,11:21:38
187593,2018-05-25,18:48:16
187593,2018-05-25,18:48:12
187593,2018-05-25,18:48:10
187595,2018-06-14,00:02:40
187595,2018-06-14,00:02:32
193565,2018-09-16,11:49:42
193565,2018-09-16,11:49:47
193565,2018-09-16,11:50:03
193565,2018-09-16,11:49:52
